[0m11:18:59.961357 [debug] [MainThread]: Sending event: {'category': 'dbt', 'action': 'invocation', 'label': 'start', 'context': [<snowplow_tracker.self_describing_json.SelfDescribingJson object at 0x774c00ef4eb0>, <snowplow_tracker.self_describing_json.SelfDescribingJson object at 0x774bffe04160>, <snowplow_tracker.self_describing_json.SelfDescribingJson object at 0x774bffe04070>]}


============================== 11:18:59.978839 | 1da710ff-1616-4088-b165-a31bd17387d2 ==============================
[0m11:18:59.978839 [info ] [MainThread]: Running with dbt=1.10.15
[0m11:18:59.983530 [debug] [MainThread]: running dbt with arguments {'log_format': 'default', 'version_check': 'True', 'warn_error_options': 'WarnErrorOptionsV2(error=[], warn=[], silence=[])', 'introspect': 'True', 'indirect_selection': 'eager', 'invocation_command': 'dbt deps', 'log_cache_events': 'False', 'log_path': '/dbt/logs', 'static_parser': 'True', 'printer_width': '80', 'profiles_dir': '/dbt', 'use_colors': 'True', 'use_experimental_parser': 'False', 'cache_selected_only': 'False', 'write_json': 'True', 'fail_fast': 'False', 'partial_parse': 'True', 'target_path': 'None', 'warn_error': 'None', 'no_print': 'None', 'send_anonymous_usage_stats': 'True', 'debug': 'False', 'empty': 'None', 'quiet': 'False'}
[0m11:19:00.518382 [debug] [MainThread]: Sending event: {'category': 'dbt', 'action': 'project_id', 'label': '1da710ff-1616-4088-b165-a31bd17387d2', 'context': [<snowplow_tracker.self_describing_json.SelfDescribingJson object at 0x774bffe04b80>]}
[0m11:19:00.610684 [debug] [MainThread]: Set downloads directory='/tmp/dbt-downloads-m2i4l98a'
[0m11:19:00.617456 [debug] [MainThread]: Making package index registry request: GET https://hub.getdbt.com/api/v1/index.json
[0m11:19:00.866535 [debug] [MainThread]: Response from registry index: GET https://hub.getdbt.com/api/v1/index.json 200
[0m11:19:00.877222 [debug] [MainThread]: Making package registry request: GET https://hub.getdbt.com/api/v1/dbt-labs/dbt_utils.json
[0m11:19:00.980783 [debug] [MainThread]: Response from registry: GET https://hub.getdbt.com/api/v1/dbt-labs/dbt_utils.json 200
[0m11:19:01.027811 [debug] [MainThread]: Making package registry request: GET https://hub.getdbt.com/api/v1/calogica/dbt_date.json
[0m11:19:01.171087 [debug] [MainThread]: Response from registry: GET https://hub.getdbt.com/api/v1/calogica/dbt_date.json 200
[0m11:19:01.186669 [warn ] [MainThread]: [[33mWARNING[0m]: Deprecated functionality
The `calogica/dbt_date` package is deprecated in favor of
`godatadriven/dbt_date`. Please update your `packages.yml` configuration to use
`godatadriven/dbt_date` instead.
[0m11:19:01.206005 [debug] [MainThread]: Sending event: {'category': 'dbt', 'action': 'deprecation', 'label': '1da710ff-1616-4088-b165-a31bd17387d2', 'property_': 'warn', 'context': [<snowplow_tracker.self_describing_json.SelfDescribingJson object at 0x774c02150ee0>]}
[0m11:19:01.245144 [debug] [MainThread]: Executing "git clone --depth 1 https://github.com/dbt-labs/dbt-audit-helper.git d2deb5a374e89fe013946935cf9d0236"
[0m11:19:03.161032 [debug] [MainThread]: STDOUT: "b''"
[0m11:19:03.169442 [debug] [MainThread]: STDERR: "b"Cloning into 'd2deb5a374e89fe013946935cf9d0236'...\n""
[0m11:19:03.178152 [debug] [MainThread]: Pulling new dependency d2deb5a374e89fe013946935cf9d0236.
[0m11:19:03.186053 [debug] [MainThread]: Executing "git rev-parse HEAD"
[0m11:19:03.217684 [debug] [MainThread]: STDOUT: "b'cc69f70e3a3b6b5bab4ac7691262b9fe4b14e5f7\n'"
[0m11:19:03.226152 [debug] [MainThread]: STDERR: "b''"
[0m11:19:03.233411 [debug] [MainThread]: Checking out revision main.
[0m11:19:03.240395 [debug] [MainThread]: Executing "git remote set-branches origin main"
[0m11:19:03.276751 [debug] [MainThread]: STDOUT: "b''"
[0m11:19:03.286055 [debug] [MainThread]: STDERR: "b''"
[0m11:19:03.293114 [debug] [MainThread]: Executing "git fetch origin --depth 1 --tags main"
[0m11:19:05.436691 [debug] [MainThread]: STDOUT: "b''"
[0m11:19:05.441786 [debug] [MainThread]: STDERR: "b'From https://github.com/dbt-labs/dbt-audit-helper\n * branch            main       -> FETCH_HEAD\n * [new tag]         0.0.1      -> 0.0.1\n * [new tag]         0.0.2      -> 0.0.2\n * [new tag]         0.0.6      -> 0.0.6\n * [new tag]         0.1.0      -> 0.1.0\n * [new tag]         0.10.0     -> 0.10.0\n * [new tag]         0.11.0     -> 0.11.0\n * [new tag]         0.12.0     -> 0.12.0\n * [new tag]         0.12.1     -> 0.12.1\n * [new tag]         0.2.0      -> 0.2.0\n * [new tag]         0.3.0      -> 0.3.0\n * [new tag]         0.4.0      -> 0.4.0\n * [new tag]         0.4.1      -> 0.4.1\n * [new tag]         0.5.0      -> 0.5.0\n * [new tag]         0.6.0      -> 0.6.0\n * [new tag]         0.7.0      -> 0.7.0\n * [new tag]         0.7.1      -> 0.7.1\n * [new tag]         0.8.0      -> 0.8.0\n * [new tag]         0.9.0      -> 0.9.0\n * [new tag]         v0.0.3     -> v0.0.3\n * [new tag]         v0.0.4     -> v0.0.4\n * [new tag]         v0.0.5     -> v0.0.5\n * [new tag]         v0.11.0    -> v0.11.0\n'"
[0m11:19:05.446168 [debug] [MainThread]: Executing "git tag --list"
[0m11:19:05.468206 [debug] [MainThread]: STDOUT: "b'0.0.1\n0.0.2\n0.0.6\n0.1.0\n0.10.0\n0.11.0\n0.12.0\n0.12.1\n0.2.0\n0.3.0\n0.4.0\n0.4.1\n0.5.0\n0.6.0\n0.7.0\n0.7.1\n0.8.0\n0.9.0\nv0.0.3\nv0.0.4\nv0.0.5\nv0.11.0\n'"
[0m11:19:05.473108 [debug] [MainThread]: STDERR: "b''"
[0m11:19:05.477703 [debug] [MainThread]: Executing "git reset --hard origin/main"
[0m11:19:05.516106 [debug] [MainThread]: STDOUT: "b'HEAD is now at cc69f70 Merge pull request #125 from breecoffey/fix-example-syntax\n'"
[0m11:19:05.520989 [debug] [MainThread]: STDERR: "b''"
[0m11:19:05.525586 [debug] [MainThread]: Executing "git rev-parse HEAD"
[0m11:19:05.542487 [debug] [MainThread]: STDOUT: "b'cc69f70e3a3b6b5bab4ac7691262b9fe4b14e5f7\n'"
[0m11:19:05.547428 [debug] [MainThread]: STDERR: "b''"
[0m11:19:05.551274 [debug] [MainThread]: Checked out at cc69f70.
[0m11:19:05.555725 [warn ] [MainThread]: [33mWARNING: The git package "https://github.com/dbt-labs/dbt-audit-helper.git" 
	is pinned to the "main" branch.
	This can introduce breaking changes into your project without warning!

See https://docs.getdbt.com/docs/package-management#section-specifying-package-versions[0m
[0m11:19:05.560063 [debug] [MainThread]: Executing "git rev-parse HEAD"
[0m11:19:05.578726 [debug] [MainThread]: STDOUT: "b'cc69f70e3a3b6b5bab4ac7691262b9fe4b14e5f7\n'"
[0m11:19:05.583271 [debug] [MainThread]: STDERR: "b''"
[0m11:19:05.634684 [debug] [MainThread]: Executing "git clone --depth 1 https://github.com/dbt-labs/dbt-audit-helper.git d2deb5a374e89fe013946935cf9d0236"
[0m11:19:05.650977 [debug] [MainThread]: STDOUT: "b''"
[0m11:19:05.655736 [debug] [MainThread]: STDERR: "b"fatal: destination path 'd2deb5a374e89fe013946935cf9d0236' already exists and is not an empty directory.\n""
[0m11:19:05.659634 [debug] [MainThread]: command return code=128
[0m11:19:05.665080 [debug] [MainThread]: Updating existing dependency d2deb5a374e89fe013946935cf9d0236.
[0m11:19:05.669971 [debug] [MainThread]: Executing "git rev-parse HEAD"
[0m11:19:05.694864 [debug] [MainThread]: STDOUT: "b'cc69f70e3a3b6b5bab4ac7691262b9fe4b14e5f7\n'"
[0m11:19:05.703490 [debug] [MainThread]: STDERR: "b''"
[0m11:19:05.710713 [debug] [MainThread]: Checking out revision main.
[0m11:19:05.717935 [debug] [MainThread]: Executing "git remote set-branches origin main"
[0m11:19:05.750451 [debug] [MainThread]: STDOUT: "b''"
[0m11:19:05.758692 [debug] [MainThread]: STDERR: "b''"
[0m11:19:05.765576 [debug] [MainThread]: Executing "git fetch origin --depth 1 --tags main"
[0m11:19:07.372829 [debug] [MainThread]: STDOUT: "b''"
[0m11:19:07.382669 [debug] [MainThread]: STDERR: "b'From https://github.com/dbt-labs/dbt-audit-helper\n * branch            main       -> FETCH_HEAD\n'"
[0m11:19:07.390598 [debug] [MainThread]: Executing "git tag --list"
[0m11:19:07.421561 [debug] [MainThread]: STDOUT: "b'0.0.1\n0.0.2\n0.0.6\n0.1.0\n0.10.0\n0.11.0\n0.12.0\n0.12.1\n0.2.0\n0.3.0\n0.4.0\n0.4.1\n0.5.0\n0.6.0\n0.7.0\n0.7.1\n0.8.0\n0.9.0\nv0.0.3\nv0.0.4\nv0.0.5\nv0.11.0\n'"
[0m11:19:07.430290 [debug] [MainThread]: STDERR: "b''"
[0m11:19:07.438062 [debug] [MainThread]: Executing "git reset --hard origin/main"
[0m11:19:07.489097 [debug] [MainThread]: STDOUT: "b'HEAD is now at cc69f70 Merge pull request #125 from breecoffey/fix-example-syntax\n'"
[0m11:19:07.497011 [debug] [MainThread]: STDERR: "b''"
[0m11:19:07.504453 [debug] [MainThread]: Executing "git rev-parse HEAD"
[0m11:19:07.537458 [debug] [MainThread]: STDOUT: "b'cc69f70e3a3b6b5bab4ac7691262b9fe4b14e5f7\n'"
[0m11:19:07.545917 [debug] [MainThread]: STDERR: "b''"
[0m11:19:07.552445 [debug] [MainThread]: Already at cc69f70, nothing to do.
[0m11:19:07.559281 [warn ] [MainThread]: [33mWARNING: The git package "https://github.com/dbt-labs/dbt-audit-helper.git" 
	is pinned to the "main" branch.
	This can introduce breaking changes into your project without warning!

See https://docs.getdbt.com/docs/package-management#section-specifying-package-versions[0m
[0m11:19:07.569647 [debug] [MainThread]: Executing "git rev-parse HEAD"
[0m11:19:07.599133 [debug] [MainThread]: STDOUT: "b'cc69f70e3a3b6b5bab4ac7691262b9fe4b14e5f7\n'"
[0m11:19:07.608099 [debug] [MainThread]: STDERR: "b''"
[0m11:19:07.675659 [info ] [MainThread]: Updating lock file in file path: /dbt/package-lock.yml
[0m11:19:07.775488 [debug] [MainThread]: Set downloads directory='/tmp/dbt-downloads-qj99pb8z'
[0m11:19:07.825912 [info ] [MainThread]: Installing dbt-labs/dbt_utils
[0m11:19:26.508175 [info ] [MainThread]: Installed from version 1.1.1
[0m11:19:26.512347 [info ] [MainThread]: Updated version available: 1.3.2
[0m11:19:26.518483 [debug] [MainThread]: Sending event: {'category': 'dbt', 'action': 'package', 'label': '1da710ff-1616-4088-b165-a31bd17387d2', 'property_': 'install', 'context': [<snowplow_tracker.self_describing_json.SelfDescribingJson object at 0x774c010b0d90>, <snowplow_tracker.self_describing_json.SelfDescribingJson object at 0x774bffc7f790>]}
[0m11:19:26.523596 [info ] [MainThread]: Installing calogica/dbt_date
[0m11:19:33.008763 [info ] [MainThread]: Installed from version 0.10.0
[0m11:19:33.015775 [info ] [MainThread]: Updated version available: 0.10.1
[0m11:19:33.024490 [debug] [MainThread]: Sending event: {'category': 'dbt', 'action': 'package', 'label': '1da710ff-1616-4088-b165-a31bd17387d2', 'property_': 'install', 'context': [<snowplow_tracker.self_describing_json.SelfDescribingJson object at 0x774bffd78be0>, <snowplow_tracker.self_describing_json.SelfDescribingJson object at 0x774bffc7f580>]}
[0m11:19:33.031284 [info ] [MainThread]: Installing https://github.com/dbt-labs/dbt-audit-helper.git
[0m11:19:33.039044 [debug] [MainThread]: Executing "git clone --depth 1 https://github.com/dbt-labs/dbt-audit-helper.git d2deb5a374e89fe013946935cf9d0236"
[0m11:19:34.618646 [debug] [MainThread]: STDOUT: "b''"
[0m11:19:34.622362 [debug] [MainThread]: STDERR: "b"Cloning into 'd2deb5a374e89fe013946935cf9d0236'...\n""
[0m11:19:34.625386 [debug] [MainThread]: Pulling new dependency d2deb5a374e89fe013946935cf9d0236.
[0m11:19:34.631981 [debug] [MainThread]: Executing "git rev-parse HEAD"
[0m11:19:34.643464 [debug] [MainThread]: STDOUT: "b'cc69f70e3a3b6b5bab4ac7691262b9fe4b14e5f7\n'"
[0m11:19:34.647006 [debug] [MainThread]: STDERR: "b''"
[0m11:19:34.649898 [debug] [MainThread]: Checking out revision cc69f70e3a3b6b5bab4ac7691262b9fe4b14e5f7.
[0m11:19:34.652900 [debug] [MainThread]: Executing "git fetch origin --depth 1 cc69f70e3a3b6b5bab4ac7691262b9fe4b14e5f7"
[0m11:19:36.182748 [debug] [MainThread]: STDOUT: "b''"
[0m11:19:36.191345 [debug] [MainThread]: STDERR: "b'From https://github.com/dbt-labs/dbt-audit-helper\n * branch            cc69f70e3a3b6b5bab4ac7691262b9fe4b14e5f7 -> FETCH_HEAD\n'"
[0m11:19:36.198661 [debug] [MainThread]: Executing "git reset --hard cc69f70e3a3b6b5bab4ac7691262b9fe4b14e5f7"
[0m11:19:36.276965 [debug] [MainThread]: STDOUT: "b'HEAD is now at cc69f70 Merge pull request #125 from breecoffey/fix-example-syntax\n'"
[0m11:19:36.291645 [debug] [MainThread]: STDERR: "b''"
[0m11:19:36.298592 [debug] [MainThread]: Executing "git rev-parse HEAD"
[0m11:19:36.338549 [debug] [MainThread]: STDOUT: "b'cc69f70e3a3b6b5bab4ac7691262b9fe4b14e5f7\n'"
[0m11:19:36.348321 [debug] [MainThread]: STDERR: "b''"
[0m11:19:36.353259 [debug] [MainThread]: Checked out at cc69f70.
[0m11:19:36.357937 [debug] [MainThread]: Executing "git rev-parse HEAD"
[0m11:19:36.373181 [debug] [MainThread]: STDOUT: "b'cc69f70e3a3b6b5bab4ac7691262b9fe4b14e5f7\n'"
[0m11:19:36.376708 [debug] [MainThread]: STDERR: "b''"
[0m11:19:36.385491 [debug] [MainThread]: Executing "git clone --depth 1 https://github.com/dbt-labs/dbt-audit-helper.git d2deb5a374e89fe013946935cf9d0236"
[0m11:19:36.399753 [debug] [MainThread]: STDOUT: "b''"
[0m11:19:36.405610 [debug] [MainThread]: STDERR: "b"fatal: destination path 'd2deb5a374e89fe013946935cf9d0236' already exists and is not an empty directory.\n""
[0m11:19:36.409203 [debug] [MainThread]: command return code=128
[0m11:19:36.412337 [debug] [MainThread]: Updating existing dependency d2deb5a374e89fe013946935cf9d0236.
[0m11:19:36.415370 [debug] [MainThread]: Executing "git rev-parse HEAD"
[0m11:19:36.428829 [debug] [MainThread]: STDOUT: "b'cc69f70e3a3b6b5bab4ac7691262b9fe4b14e5f7\n'"
[0m11:19:36.432426 [debug] [MainThread]: STDERR: "b''"
[0m11:19:36.435462 [debug] [MainThread]: Checking out revision cc69f70e3a3b6b5bab4ac7691262b9fe4b14e5f7.
[0m11:19:36.438345 [debug] [MainThread]: Executing "git fetch origin --depth 1 cc69f70e3a3b6b5bab4ac7691262b9fe4b14e5f7"
[0m11:19:37.796605 [debug] [MainThread]: STDOUT: "b''"
[0m11:19:37.801534 [debug] [MainThread]: STDERR: "b'From https://github.com/dbt-labs/dbt-audit-helper\n * branch            cc69f70e3a3b6b5bab4ac7691262b9fe4b14e5f7 -> FETCH_HEAD\n'"
[0m11:19:37.805268 [debug] [MainThread]: Executing "git reset --hard cc69f70e3a3b6b5bab4ac7691262b9fe4b14e5f7"
[0m11:19:37.838411 [debug] [MainThread]: STDOUT: "b'HEAD is now at cc69f70 Merge pull request #125 from breecoffey/fix-example-syntax\n'"
[0m11:19:37.843014 [debug] [MainThread]: STDERR: "b''"
[0m11:19:37.847148 [debug] [MainThread]: Executing "git rev-parse HEAD"
[0m11:19:37.865650 [debug] [MainThread]: STDOUT: "b'cc69f70e3a3b6b5bab4ac7691262b9fe4b14e5f7\n'"
[0m11:19:37.869337 [debug] [MainThread]: STDERR: "b''"
[0m11:19:37.872005 [debug] [MainThread]: Already at cc69f70, nothing to do.
[0m11:19:50.466108 [info ] [MainThread]: Installed from revision cc69f70e3a3b6b5bab4ac7691262b9fe4b14e5f7
[0m11:19:50.470979 [debug] [MainThread]: Sending event: {'category': 'dbt', 'action': 'package', 'label': '1da710ff-1616-4088-b165-a31bd17387d2', 'property_': 'install', 'context': [<snowplow_tracker.self_describing_json.SelfDescribingJson object at 0x774bffbf7370>, <snowplow_tracker.self_describing_json.SelfDescribingJson object at 0x774bffbf7b80>]}
[0m11:19:50.478578 [info ] [MainThread]: 
[0m11:19:50.493170 [info ] [MainThread]: Updates available for packages: ['dbt-labs/dbt_utils', 'calogica/dbt_date']                 
Update your versions in packages.yml, then run dbt deps
[0m11:19:50.499666 [warn ] [MainThread]: [[33mWARNING[0m][DeprecationsSummary]: Deprecated functionality
Summary of encountered deprecations:
- PackageRedirectDeprecation: 1 occurrence
To see all deprecation instances instead of just the first occurrence of each,
run command again with the `--show-all-deprecations` flag. You may also need to
run with `--no-partial-parse` as some deprecations are only encountered during
parsing.
[0m11:19:50.511178 [debug] [MainThread]: Resource report: {"command_name": "deps", "command_success": true, "command_wall_clock_time": 50.944595, "process_in_blocks": "0", "process_kernel_time": 2.770828, "process_mem_max_rss": "99264", "process_out_blocks": "248", "process_user_time": 5.391534}
[0m11:19:50.524091 [debug] [MainThread]: Command `dbt deps` succeeded at 11:19:50.519762 after 50.95 seconds
[0m11:19:50.532491 [debug] [MainThread]: Sending event: {'category': 'dbt', 'action': 'invocation', 'label': 'end', 'context': [<snowplow_tracker.self_describing_json.SelfDescribingJson object at 0x774c00ef4eb0>, <snowplow_tracker.self_describing_json.SelfDescribingJson object at 0x774bffbf7160>, <snowplow_tracker.self_describing_json.SelfDescribingJson object at 0x774bffbf7dc0>]}
[0m11:19:50.546479 [debug] [MainThread]: Flushing usage events
[0m11:19:52.196833 [debug] [MainThread]: An error was encountered while trying to flush usage events
[0m11:20:53.533340 [debug] [MainThread]: Sending event: {'category': 'dbt', 'action': 'invocation', 'label': 'start', 'context': [<snowplow_tracker.self_describing_json.SelfDescribingJson object at 0x74f7a08e0f40>, <snowplow_tracker.self_describing_json.SelfDescribingJson object at 0x74f79f7f3f40>, <snowplow_tracker.self_describing_json.SelfDescribingJson object at 0x74f79f7f3f70>]}


============================== 11:20:53.543832 | 3f901e86-7112-47ca-b749-c938cb912b3d ==============================
[0m11:20:53.543832 [info ] [MainThread]: Running with dbt=1.10.15
[0m11:20:53.547550 [debug] [MainThread]: running dbt with arguments {'invocation_command': 'dbt seed', 'version_check': 'True', 'log_path': '/dbt/logs', 'quiet': 'False', 'use_experimental_parser': 'False', 'partial_parse': 'True', 'use_colors': 'True', 'fail_fast': 'False', 'debug': 'False', 'introspect': 'True', 'indirect_selection': 'eager', 'write_json': 'True', 'log_cache_events': 'False', 'cache_selected_only': 'False', 'warn_error': 'None', 'static_parser': 'True', 'no_print': 'None', 'profiles_dir': '/dbt', 'send_anonymous_usage_stats': 'True', 'empty': 'None', 'warn_error_options': 'WarnErrorOptionsV2(error=[], warn=[], silence=[])', 'log_format': 'default', 'target_path': 'None', 'printer_width': '80'}
[0m11:20:54.179262 [debug] [MainThread]: Sending event: {'category': 'dbt', 'action': 'project_id', 'label': '3f901e86-7112-47ca-b749-c938cb912b3d', 'context': [<snowplow_tracker.self_describing_json.SelfDescribingJson object at 0x74f79f9c2af0>]}
[0m11:20:54.363206 [debug] [MainThread]: Sending event: {'category': 'dbt', 'action': 'adapter_info', 'label': '3f901e86-7112-47ca-b749-c938cb912b3d', 'context': [<snowplow_tracker.self_describing_json.SelfDescribingJson object at 0x74f79eb4ae50>]}
[0m11:20:54.367549 [info ] [MainThread]: Registered adapter: postgres=1.9.1
[0m11:20:54.834843 [debug] [MainThread]: checksum: 14a228079bd6df63ba81633f9a3cf44ecfaa31056ac397c602753ec895dbf885, vars: {}, profile: , target: , version: 1.10.15
[0m11:20:54.880615 [info ] [MainThread]: Unable to do partial parsing because saved manifest not found. Starting full parse.
[0m11:20:54.884939 [debug] [MainThread]: Sending event: {'category': 'dbt', 'action': 'partial_parser', 'label': '3f901e86-7112-47ca-b749-c938cb912b3d', 'context': [<snowplow_tracker.self_describing_json.SelfDescribingJson object at 0x74f79e792490>]}
[0m11:21:11.679088 [warn ] [MainThread]: [[33mWARNING[0m][MissingArgumentsPropertyInGenericTestDeprecation]: Deprecated
functionality
Found top-level arguments to test `accepted_values`. Arguments to generic tests
should be nested under the `arguments` property.`
[0m11:21:11.681657 [debug] [MainThread]: Sending event: {'category': 'dbt', 'action': 'deprecation', 'label': '3f901e86-7112-47ca-b749-c938cb912b3d', 'property_': 'warn', 'context': [<snowplow_tracker.self_describing_json.SelfDescribingJson object at 0x74f79d7019a0>]}
[0m11:21:12.758907 [warn ] [MainThread]: The configured adapter does not support metadata-based freshness. A loaded_at_field must be specified for source 'ecom.raw_customers'.
[0m11:21:12.771727 [warn ] [MainThread]: The configured adapter does not support metadata-based freshness. A loaded_at_field must be specified for source 'ecom.raw_items'.
[0m11:21:12.786935 [warn ] [MainThread]: The configured adapter does not support metadata-based freshness. A loaded_at_field must be specified for source 'ecom.raw_products'.
[0m11:21:12.793925 [warn ] [MainThread]: The configured adapter does not support metadata-based freshness. A loaded_at_field must be specified for source 'ecom.raw_supplies'.
[0m11:21:13.191610 [warn ] [MainThread]: [[33mWARNING[0m]: Time spines without YAML configuration are in the process of
deprecation. Please add YAML configuration for your 'metricflow_time_spine'
model. See documentation on MetricFlow time spines:
https://docs.getdbt.com/docs/build/metricflow-time-spine and behavior change
documentation:
https://docs.getdbt.com/reference/global-configs/behavior-changes.
[0m11:21:13.196500 [debug] [MainThread]: Sending event: {'category': 'dbt', 'action': 'deprecation', 'label': '3f901e86-7112-47ca-b749-c938cb912b3d', 'property_': 'warn', 'context': [<snowplow_tracker.self_describing_json.SelfDescribingJson object at 0x74f79fb4ba60>]}
[0m11:21:13.668023 [debug] [MainThread]: Sending event: {'category': 'dbt', 'action': 'load_project', 'label': '3f901e86-7112-47ca-b749-c938cb912b3d', 'context': [<snowplow_tracker.self_describing_json.SelfDescribingJson object at 0x74f79d701340>]}
[0m11:21:14.393276 [debug] [MainThread]: Wrote artifact WritableManifest to /dbt/target/manifest.json
[0m11:21:14.446591 [debug] [MainThread]: Wrote artifact SemanticManifest to /dbt/target/semantic_manifest.json
[0m11:21:14.544313 [debug] [MainThread]: Sending event: {'category': 'dbt', 'action': 'resource_counts', 'label': '3f901e86-7112-47ca-b749-c938cb912b3d', 'context': [<snowplow_tracker.self_describing_json.SelfDescribingJson object at 0x74f79c1c8c40>]}
[0m11:21:14.548764 [info ] [MainThread]: Found 13 models, 6 seeds, 27 data tests, 6 sources, 19 metrics, 746 macros, 6 semantic models, 3 saved queries, 3 unit tests
[0m11:21:14.552744 [debug] [MainThread]: Sending event: {'category': 'dbt', 'action': 'runnable_timing', 'label': '3f901e86-7112-47ca-b749-c938cb912b3d', 'context': [<snowplow_tracker.self_describing_json.SelfDescribingJson object at 0x74f79f854880>]}
[0m11:21:14.564829 [info ] [MainThread]: 
[0m11:21:14.568706 [info ] [MainThread]: Concurrency: 1 threads (target='dev')
[0m11:21:14.573155 [info ] [MainThread]: 
[0m11:21:14.578606 [debug] [MainThread]: Acquiring new postgres connection 'master'
[0m11:21:14.604079 [debug] [ThreadPool]: Acquiring new postgres connection 'list_postgres'
[0m11:21:14.811861 [debug] [ThreadPool]: Using postgres connection "list_postgres"
[0m11:21:14.816193 [debug] [ThreadPool]: On list_postgres: /* {"app": "dbt", "dbt_version": "1.10.15", "profile_name": "default", "target_name": "dev", "connection_name": "list_postgres"} */

    select distinct nspname from pg_namespace
  
[0m11:21:14.820008 [debug] [ThreadPool]: Opening a new connection, currently in state init
[0m11:21:14.826998 [debug] [ThreadPool]: Postgres adapter: Got a retryable error when attempting to open a postgres connection.
1 attempts remaining. Retrying in 0 seconds.
Error:
could not translate host name "database" to address: Name or service not known

[0m11:21:14.832463 [debug] [ThreadPool]: Postgres adapter: Error running SQL: /* {"app": "dbt", "dbt_version": "1.10.15", "profile_name": "default", "target_name": "dev", "connection_name": "list_postgres"} */

    select distinct nspname from pg_namespace
  
[0m11:21:14.836952 [debug] [ThreadPool]: Postgres adapter: Rolling back transaction.
[0m11:21:14.841717 [debug] [ThreadPool]: Postgres adapter: Error running SQL: macro list_schemas
[0m11:21:14.846436 [debug] [ThreadPool]: Postgres adapter: Rolling back transaction.
[0m11:21:14.851479 [debug] [ThreadPool]: On list_postgres: No close available on handle
[0m11:21:14.860100 [debug] [MainThread]: Connection 'master' was properly closed.
[0m11:21:14.864687 [debug] [MainThread]: Connection 'list_postgres' was properly closed.
[0m11:21:14.871987 [info ] [MainThread]: 
[0m11:21:14.880476 [info ] [MainThread]: Finished running  in 0 hours 0 minutes and 0.29 seconds (0.29s).
[0m11:21:14.890434 [error] [MainThread]: Encountered an error:
Database Error
  could not translate host name "database" to address: Name or service not known
  
[0m11:21:14.898995 [warn ] [MainThread]: [[33mWARNING[0m][DeprecationsSummary]: Deprecated functionality
Summary of encountered deprecations:
- MissingArgumentsPropertyInGenericTestDeprecation: 8 occurrences
- MFTimespineWithoutYamlConfigurationDeprecation: 1 occurrence
To see all deprecation instances instead of just the first occurrence of each,
run command again with the `--show-all-deprecations` flag. You may also need to
run with `--no-partial-parse` as some deprecations are only encountered during
parsing.
[0m11:21:14.909692 [debug] [MainThread]: Resource report: {"command_name": "seed", "command_success": false, "command_wall_clock_time": 21.609343, "process_in_blocks": "120", "process_kernel_time": 1.198648, "process_mem_max_rss": "126196", "process_out_blocks": "72", "process_user_time": 12.063423}
[0m11:21:14.917233 [debug] [MainThread]: Command `dbt seed` failed at 11:21:14.915730 after 21.62 seconds
[0m11:21:14.924758 [debug] [MainThread]: Sending event: {'category': 'dbt', 'action': 'invocation', 'label': 'end', 'context': [<snowplow_tracker.self_describing_json.SelfDescribingJson object at 0x74f7a08e0f40>, <snowplow_tracker.self_describing_json.SelfDescribingJson object at 0x74f79d7a43a0>, <snowplow_tracker.self_describing_json.SelfDescribingJson object at 0x74f79dbfeee0>]}
[0m11:21:14.929649 [debug] [MainThread]: Flushing usage events
[0m11:21:16.393174 [debug] [MainThread]: An error was encountered while trying to flush usage events
[0m11:29:11.936414 [debug] [MainThread]: Sending event: {'category': 'dbt', 'action': 'invocation', 'label': 'start', 'context': [<snowplow_tracker.self_describing_json.SelfDescribingJson object at 0x735156bf8f40>, <snowplow_tracker.self_describing_json.SelfDescribingJson object at 0x735155b0bf40>, <snowplow_tracker.self_describing_json.SelfDescribingJson object at 0x735155b0bf70>]}


============================== 11:29:11.948908 | f6d514e6-2cef-4535-b691-a4c9dafe203f ==============================
[0m11:29:11.948908 [info ] [MainThread]: Running with dbt=1.10.15
[0m11:29:11.953227 [debug] [MainThread]: running dbt with arguments {'profiles_dir': '/dbt', 'log_format': 'default', 'debug': 'False', 'introspect': 'True', 'partial_parse': 'True', 'use_colors': 'True', 'log_path': '/dbt/logs', 'cache_selected_only': 'False', 'indirect_selection': 'eager', 'warn_error': 'None', 'quiet': 'False', 'target_path': 'None', 'version_check': 'True', 'write_json': 'True', 'log_cache_events': 'False', 'invocation_command': 'dbt seed', 'static_parser': 'True', 'warn_error_options': 'WarnErrorOptionsV2(error=[], warn=[], silence=[])', 'use_experimental_parser': 'False', 'no_print': 'None', 'empty': 'None', 'fail_fast': 'False', 'printer_width': '80', 'send_anonymous_usage_stats': 'True'}
[0m11:29:12.448336 [debug] [MainThread]: Sending event: {'category': 'dbt', 'action': 'project_id', 'label': 'f6d514e6-2cef-4535-b691-a4c9dafe203f', 'context': [<snowplow_tracker.self_describing_json.SelfDescribingJson object at 0x735155cd6af0>]}
[0m11:29:12.613347 [debug] [MainThread]: Sending event: {'category': 'dbt', 'action': 'adapter_info', 'label': 'f6d514e6-2cef-4535-b691-a4c9dafe203f', 'context': [<snowplow_tracker.self_describing_json.SelfDescribingJson object at 0x735154b8ae50>]}
[0m11:29:12.618260 [info ] [MainThread]: Registered adapter: postgres=1.9.1
[0m11:29:13.120996 [debug] [MainThread]: checksum: 14a228079bd6df63ba81633f9a3cf44ecfaa31056ac397c602753ec895dbf885, vars: {}, profile: , target: , version: 1.10.15
[0m11:29:26.043807 [debug] [MainThread]: Partial parsing enabled: 0 files deleted, 0 files added, 0 files changed.
[0m11:29:26.050728 [debug] [MainThread]: Partial parsing enabled, no changes found, skipping parsing
[0m11:29:26.495046 [debug] [MainThread]: Sending event: {'category': 'dbt', 'action': 'load_project', 'label': 'f6d514e6-2cef-4535-b691-a4c9dafe203f', 'context': [<snowplow_tracker.self_describing_json.SelfDescribingJson object at 0x7351542c59a0>]}
[0m11:29:27.115693 [debug] [MainThread]: Wrote artifact WritableManifest to /dbt/target/manifest.json
[0m11:29:27.163367 [debug] [MainThread]: Wrote artifact SemanticManifest to /dbt/target/semantic_manifest.json
[0m11:29:27.242621 [debug] [MainThread]: Sending event: {'category': 'dbt', 'action': 'resource_counts', 'label': 'f6d514e6-2cef-4535-b691-a4c9dafe203f', 'context': [<snowplow_tracker.self_describing_json.SelfDescribingJson object at 0x735153e69040>]}
[0m11:29:27.247029 [info ] [MainThread]: Found 13 models, 6 seeds, 27 data tests, 6 sources, 19 metrics, 746 macros, 6 semantic models, 3 saved queries, 3 unit tests
[0m11:29:27.250821 [debug] [MainThread]: Sending event: {'category': 'dbt', 'action': 'runnable_timing', 'label': 'f6d514e6-2cef-4535-b691-a4c9dafe203f', 'context': [<snowplow_tracker.self_describing_json.SelfDescribingJson object at 0x735153bdeb20>]}
[0m11:29:27.263615 [info ] [MainThread]: 
[0m11:29:27.267980 [info ] [MainThread]: Concurrency: 1 threads (target='dev')
[0m11:29:27.273039 [info ] [MainThread]: 
[0m11:29:27.278707 [debug] [MainThread]: Acquiring new postgres connection 'master'
[0m11:29:27.299315 [debug] [ThreadPool]: Acquiring new postgres connection 'list_postgres'
[0m11:29:27.438161 [debug] [ThreadPool]: Using postgres connection "list_postgres"
[0m11:29:27.443208 [debug] [ThreadPool]: On list_postgres: /* {"app": "dbt", "dbt_version": "1.10.15", "profile_name": "default", "target_name": "dev", "connection_name": "list_postgres"} */

    select distinct nspname from pg_namespace
  
[0m11:29:27.446669 [debug] [ThreadPool]: Opening a new connection, currently in state init
[0m11:29:27.452787 [debug] [ThreadPool]: Postgres adapter: Got a retryable error when attempting to open a postgres connection.
1 attempts remaining. Retrying in 0 seconds.
Error:
could not translate host name "database" to address: Name or service not known

[0m11:29:27.457318 [debug] [ThreadPool]: Postgres adapter: Error running SQL: /* {"app": "dbt", "dbt_version": "1.10.15", "profile_name": "default", "target_name": "dev", "connection_name": "list_postgres"} */

    select distinct nspname from pg_namespace
  
[0m11:29:27.460427 [debug] [ThreadPool]: Postgres adapter: Rolling back transaction.
[0m11:29:27.463672 [debug] [ThreadPool]: Postgres adapter: Error running SQL: macro list_schemas
[0m11:29:27.466467 [debug] [ThreadPool]: Postgres adapter: Rolling back transaction.
[0m11:29:27.469232 [debug] [ThreadPool]: On list_postgres: No close available on handle
[0m11:29:27.473779 [debug] [MainThread]: Connection 'master' was properly closed.
[0m11:29:27.477236 [debug] [MainThread]: Connection 'list_postgres' was properly closed.
[0m11:29:27.480403 [info ] [MainThread]: 
[0m11:29:27.483920 [info ] [MainThread]: Finished running  in 0 hours 0 minutes and 0.20 seconds (0.20s).
[0m11:29:27.489557 [error] [MainThread]: Encountered an error:
Database Error
  could not translate host name "database" to address: Name or service not known
  
[0m11:29:27.497607 [debug] [MainThread]: Resource report: {"command_name": "seed", "command_success": false, "command_wall_clock_time": 15.802465, "process_in_blocks": "0", "process_kernel_time": 1.148636, "process_mem_max_rss": "116876", "process_out_blocks": "0", "process_user_time": 6.485443}
[0m11:29:27.501906 [debug] [MainThread]: Command `dbt seed` failed at 11:29:27.501445 after 15.81 seconds
[0m11:29:27.505412 [debug] [MainThread]: Sending event: {'category': 'dbt', 'action': 'invocation', 'label': 'end', 'context': [<snowplow_tracker.self_describing_json.SelfDescribingJson object at 0x735156bf8f40>, <snowplow_tracker.self_describing_json.SelfDescribingJson object at 0x735153e68ac0>, <snowplow_tracker.self_describing_json.SelfDescribingJson object at 0x735153add850>]}
[0m11:29:27.508650 [debug] [MainThread]: Flushing usage events
[0m11:29:29.194629 [debug] [MainThread]: An error was encountered while trying to flush usage events
[0m11:30:04.970279 [debug] [MainThread]: Sending event: {'category': 'dbt', 'action': 'invocation', 'label': 'start', 'context': [<snowplow_tracker.self_describing_json.SelfDescribingJson object at 0x7ed2d9858f10>, <snowplow_tracker.self_describing_json.SelfDescribingJson object at 0x7ed2d87bcdf0>, <snowplow_tracker.self_describing_json.SelfDescribingJson object at 0x7ed2d87bcbb0>]}


============================== 11:30:04.982648 | 2e706503-ec3e-4a47-bbda-ecda18977103 ==============================
[0m11:30:04.982648 [info ] [MainThread]: Running with dbt=1.10.15
[0m11:30:04.986789 [debug] [MainThread]: running dbt with arguments {'indirect_selection': 'eager', 'use_colors': 'True', 'use_experimental_parser': 'False', 'introspect': 'True', 'fail_fast': 'False', 'write_json': 'True', 'invocation_command': 'dbt seed', 'profiles_dir': '/dbt', 'target_path': 'None', 'partial_parse': 'True', 'warn_error': 'None', 'log_path': '/dbt/logs', 'no_print': 'None', 'debug': 'False', 'quiet': 'False', 'warn_error_options': 'WarnErrorOptionsV2(error=[], warn=[], silence=[])', 'empty': 'None', 'log_format': 'default', 'log_cache_events': 'False', 'send_anonymous_usage_stats': 'True', 'printer_width': '80', 'cache_selected_only': 'False', 'static_parser': 'True', 'version_check': 'True'}
[0m11:30:05.687219 [debug] [MainThread]: Sending event: {'category': 'dbt', 'action': 'project_id', 'label': '2e706503-ec3e-4a47-bbda-ecda18977103', 'context': [<snowplow_tracker.self_describing_json.SelfDescribingJson object at 0x7ed2d7bba220>]}
[0m11:30:05.869361 [debug] [MainThread]: Sending event: {'category': 'dbt', 'action': 'adapter_info', 'label': '2e706503-ec3e-4a47-bbda-ecda18977103', 'context': [<snowplow_tracker.self_describing_json.SelfDescribingJson object at 0x7ed2d7b96760>]}
[0m11:30:05.872751 [info ] [MainThread]: Registered adapter: postgres=1.9.1
[0m11:30:06.224668 [debug] [MainThread]: checksum: 14a228079bd6df63ba81633f9a3cf44ecfaa31056ac397c602753ec895dbf885, vars: {}, profile: , target: , version: 1.10.15
[0m11:30:20.192984 [debug] [MainThread]: Partial parsing enabled: 0 files deleted, 0 files added, 0 files changed.
[0m11:30:20.199175 [debug] [MainThread]: Partial parsing enabled, no changes found, skipping parsing
[0m11:30:20.531366 [debug] [MainThread]: Sending event: {'category': 'dbt', 'action': 'load_project', 'label': '2e706503-ec3e-4a47-bbda-ecda18977103', 'context': [<snowplow_tracker.self_describing_json.SelfDescribingJson object at 0x7ed2d6f05130>]}
[0m11:30:21.222950 [debug] [MainThread]: Wrote artifact WritableManifest to /dbt/target/manifest.json
[0m11:30:21.255658 [debug] [MainThread]: Wrote artifact SemanticManifest to /dbt/target/semantic_manifest.json
[0m11:30:21.317466 [debug] [MainThread]: Sending event: {'category': 'dbt', 'action': 'resource_counts', 'label': '2e706503-ec3e-4a47-bbda-ecda18977103', 'context': [<snowplow_tracker.self_describing_json.SelfDescribingJson object at 0x7ed2d6a67fd0>]}
[0m11:30:21.320814 [info ] [MainThread]: Found 13 models, 6 seeds, 27 data tests, 6 sources, 19 metrics, 746 macros, 6 semantic models, 3 saved queries, 3 unit tests
[0m11:30:21.323623 [debug] [MainThread]: Sending event: {'category': 'dbt', 'action': 'runnable_timing', 'label': '2e706503-ec3e-4a47-bbda-ecda18977103', 'context': [<snowplow_tracker.self_describing_json.SelfDescribingJson object at 0x7ed2d6a71490>]}
[0m11:30:21.335424 [info ] [MainThread]: 
[0m11:30:21.339434 [info ] [MainThread]: Concurrency: 1 threads (target='dev')
[0m11:30:21.343930 [info ] [MainThread]: 
[0m11:30:21.349159 [debug] [MainThread]: Acquiring new postgres connection 'master'
[0m11:30:21.369819 [debug] [ThreadPool]: Acquiring new postgres connection 'list_postgres'
[0m11:30:21.472268 [debug] [ThreadPool]: Using postgres connection "list_postgres"
[0m11:30:21.474691 [debug] [ThreadPool]: On list_postgres: /* {"app": "dbt", "dbt_version": "1.10.15", "profile_name": "default", "target_name": "dev", "connection_name": "list_postgres"} */

    select distinct nspname from pg_namespace
  
[0m11:30:21.477033 [debug] [ThreadPool]: Opening a new connection, currently in state init
[0m11:30:21.480287 [debug] [ThreadPool]: Postgres adapter: Got a retryable error when attempting to open a postgres connection.
1 attempts remaining. Retrying in 0 seconds.
Error:
could not translate host name "database" to address: Name or service not known

[0m11:30:21.483418 [debug] [ThreadPool]: Postgres adapter: Error running SQL: /* {"app": "dbt", "dbt_version": "1.10.15", "profile_name": "default", "target_name": "dev", "connection_name": "list_postgres"} */

    select distinct nspname from pg_namespace
  
[0m11:30:21.486342 [debug] [ThreadPool]: Postgres adapter: Rolling back transaction.
[0m11:30:21.489812 [debug] [ThreadPool]: Postgres adapter: Error running SQL: macro list_schemas
[0m11:30:21.492893 [debug] [ThreadPool]: Postgres adapter: Rolling back transaction.
[0m11:30:21.496028 [debug] [ThreadPool]: On list_postgres: No close available on handle
[0m11:30:21.500914 [debug] [MainThread]: Connection 'master' was properly closed.
[0m11:30:21.504214 [debug] [MainThread]: Connection 'list_postgres' was properly closed.
[0m11:30:21.507541 [info ] [MainThread]: 
[0m11:30:21.511636 [info ] [MainThread]: Finished running  in 0 hours 0 minutes and 0.16 seconds (0.16s).
[0m11:30:21.517963 [error] [MainThread]: Encountered an error:
Database Error
  could not translate host name "database" to address: Name or service not known
  
[0m11:30:21.525000 [debug] [MainThread]: Resource report: {"command_name": "seed", "command_success": false, "command_wall_clock_time": 16.76218, "process_in_blocks": "0", "process_kernel_time": 1.128025, "process_mem_max_rss": "116992", "process_out_blocks": "0", "process_user_time": 6.584901}
[0m11:30:21.528712 [debug] [MainThread]: Command `dbt seed` failed at 11:30:21.528295 after 16.77 seconds
[0m11:30:21.532300 [debug] [MainThread]: Sending event: {'category': 'dbt', 'action': 'invocation', 'label': 'end', 'context': [<snowplow_tracker.self_describing_json.SelfDescribingJson object at 0x7ed2d9858f10>, <snowplow_tracker.self_describing_json.SelfDescribingJson object at 0x7ed2d6aa9100>, <snowplow_tracker.self_describing_json.SelfDescribingJson object at 0x7ed2d671c820>]}
[0m11:30:21.535839 [debug] [MainThread]: Flushing usage events
[0m11:30:22.881403 [debug] [MainThread]: An error was encountered while trying to flush usage events
[0m11:30:43.177375 [debug] [MainThread]: Sending event: {'category': 'dbt', 'action': 'invocation', 'label': 'start', 'context': [<snowplow_tracker.self_describing_json.SelfDescribingJson object at 0x7d6779832f40>, <snowplow_tracker.self_describing_json.SelfDescribingJson object at 0x7d6778745f40>, <snowplow_tracker.self_describing_json.SelfDescribingJson object at 0x7d6778745f70>]}


============================== 11:30:43.187107 | baf87660-cc25-4fea-9907-62ea06e88580 ==============================
[0m11:30:43.187107 [info ] [MainThread]: Running with dbt=1.10.15
[0m11:30:43.190459 [debug] [MainThread]: running dbt with arguments {'fail_fast': 'False', 'invocation_command': 'dbt seed', 'static_parser': 'True', 'log_cache_events': 'False', 'profiles_dir': '/dbt', 'warn_error_options': 'WarnErrorOptionsV2(error=[], warn=[], silence=[])', 'log_path': '/dbt/logs', 'partial_parse': 'True', 'quiet': 'False', 'write_json': 'True', 'log_format': 'default', 'no_print': 'None', 'introspect': 'True', 'send_anonymous_usage_stats': 'True', 'use_experimental_parser': 'False', 'target_path': 'None', 'use_colors': 'True', 'warn_error': 'None', 'empty': 'None', 'printer_width': '80', 'version_check': 'True', 'indirect_selection': 'eager', 'debug': 'False', 'cache_selected_only': 'False'}
[0m11:30:43.770990 [debug] [MainThread]: Sending event: {'category': 'dbt', 'action': 'project_id', 'label': 'baf87660-cc25-4fea-9907-62ea06e88580', 'context': [<snowplow_tracker.self_describing_json.SelfDescribingJson object at 0x7d6778914af0>]}
[0m11:30:44.007016 [debug] [MainThread]: Sending event: {'category': 'dbt', 'action': 'adapter_info', 'label': 'baf87660-cc25-4fea-9907-62ea06e88580', 'context': [<snowplow_tracker.self_describing_json.SelfDescribingJson object at 0x7d677778ae50>]}
[0m11:30:44.011222 [info ] [MainThread]: Registered adapter: postgres=1.9.1
[0m11:30:44.445811 [debug] [MainThread]: checksum: 14a228079bd6df63ba81633f9a3cf44ecfaa31056ac397c602753ec895dbf885, vars: {}, profile: , target: , version: 1.10.15
[0m11:30:57.695726 [debug] [MainThread]: Partial parsing enabled: 0 files deleted, 0 files added, 0 files changed.
[0m11:30:57.701955 [debug] [MainThread]: Partial parsing enabled, no changes found, skipping parsing
[0m11:30:58.106629 [debug] [MainThread]: Sending event: {'category': 'dbt', 'action': 'load_project', 'label': 'baf87660-cc25-4fea-9907-62ea06e88580', 'context': [<snowplow_tracker.self_describing_json.SelfDescribingJson object at 0x7d6776ec79a0>]}
[0m11:30:58.796738 [debug] [MainThread]: Wrote artifact WritableManifest to /dbt/target/manifest.json
[0m11:30:58.848633 [debug] [MainThread]: Wrote artifact SemanticManifest to /dbt/target/semantic_manifest.json
[0m11:30:58.928762 [debug] [MainThread]: Sending event: {'category': 'dbt', 'action': 'resource_counts', 'label': 'baf87660-cc25-4fea-9907-62ea06e88580', 'context': [<snowplow_tracker.self_describing_json.SelfDescribingJson object at 0x7d6776a6a070>]}
[0m11:30:58.933411 [info ] [MainThread]: Found 13 models, 6 seeds, 27 data tests, 6 sources, 19 metrics, 746 macros, 6 semantic models, 3 saved queries, 3 unit tests
[0m11:30:58.941146 [debug] [MainThread]: Sending event: {'category': 'dbt', 'action': 'runnable_timing', 'label': 'baf87660-cc25-4fea-9907-62ea06e88580', 'context': [<snowplow_tracker.self_describing_json.SelfDescribingJson object at 0x7d67767deb20>]}
[0m11:30:58.954523 [info ] [MainThread]: 
[0m11:30:58.958650 [info ] [MainThread]: Concurrency: 1 threads (target='dev')
[0m11:30:58.962757 [info ] [MainThread]: 
[0m11:30:58.968278 [debug] [MainThread]: Acquiring new postgres connection 'master'
[0m11:30:58.987429 [debug] [ThreadPool]: Acquiring new postgres connection 'list_postgres'
[0m11:30:59.107614 [debug] [ThreadPool]: Using postgres connection "list_postgres"
[0m11:30:59.111392 [debug] [ThreadPool]: On list_postgres: /* {"app": "dbt", "dbt_version": "1.10.15", "profile_name": "default", "target_name": "dev", "connection_name": "list_postgres"} */

    select distinct nspname from pg_namespace
  
[0m11:30:59.115206 [debug] [ThreadPool]: Opening a new connection, currently in state init
[0m11:30:59.120019 [debug] [ThreadPool]: Postgres adapter: Got a retryable error when attempting to open a postgres connection.
1 attempts remaining. Retrying in 0 seconds.
Error:
could not translate host name "database" to address: Name or service not known

[0m11:30:59.124433 [debug] [ThreadPool]: Postgres adapter: Error running SQL: /* {"app": "dbt", "dbt_version": "1.10.15", "profile_name": "default", "target_name": "dev", "connection_name": "list_postgres"} */

    select distinct nspname from pg_namespace
  
[0m11:30:59.127892 [debug] [ThreadPool]: Postgres adapter: Rolling back transaction.
[0m11:30:59.131862 [debug] [ThreadPool]: Postgres adapter: Error running SQL: macro list_schemas
[0m11:30:59.135270 [debug] [ThreadPool]: Postgres adapter: Rolling back transaction.
[0m11:30:59.138573 [debug] [ThreadPool]: On list_postgres: No close available on handle
[0m11:30:59.143100 [debug] [MainThread]: Connection 'master' was properly closed.
[0m11:30:59.146456 [debug] [MainThread]: Connection 'list_postgres' was properly closed.
[0m11:30:59.149876 [info ] [MainThread]: 
[0m11:30:59.153397 [info ] [MainThread]: Finished running  in 0 hours 0 minutes and 0.18 seconds (0.18s).
[0m11:30:59.158511 [error] [MainThread]: Encountered an error:
Database Error
  could not translate host name "database" to address: Name or service not known
  
[0m11:30:59.164543 [debug] [MainThread]: Resource report: {"command_name": "seed", "command_success": false, "command_wall_clock_time": 16.216915, "process_in_blocks": "0", "process_kernel_time": 1.021594, "process_mem_max_rss": "117004", "process_out_blocks": "0", "process_user_time": 6.263881}
[0m11:30:59.168611 [debug] [MainThread]: Command `dbt seed` failed at 11:30:59.168185 after 16.22 seconds
[0m11:30:59.172118 [debug] [MainThread]: Sending event: {'category': 'dbt', 'action': 'invocation', 'label': 'end', 'context': [<snowplow_tracker.self_describing_json.SelfDescribingJson object at 0x7d6779832f40>, <snowplow_tracker.self_describing_json.SelfDescribingJson object at 0x7d6776a68ac0>, <snowplow_tracker.self_describing_json.SelfDescribingJson object at 0x7d67766dd850>]}
[0m11:30:59.175685 [debug] [MainThread]: Flushing usage events
[0m11:31:01.019585 [debug] [MainThread]: An error was encountered while trying to flush usage events
[0m11:40:40.111801 [debug] [MainThread]: Sending event: {'category': 'dbt', 'action': 'invocation', 'label': 'start', 'context': [<snowplow_tracker.self_describing_json.SelfDescribingJson object at 0x7dbcb19d9e80>, <snowplow_tracker.self_describing_json.SelfDescribingJson object at 0x7dbcb0ab19d0>, <snowplow_tracker.self_describing_json.SelfDescribingJson object at 0x7dbcb0ab12e0>]}


============================== 11:40:40.127639 | d5518c48-b98b-4562-a8b8-555ce7eab6d0 ==============================
[0m11:40:40.127639 [info ] [MainThread]: Running with dbt=1.10.15
[0m11:40:40.133445 [debug] [MainThread]: running dbt with arguments {'warn_error_options': 'WarnErrorOptionsV2(error=[], warn=[], silence=[])', 'indirect_selection': 'eager', 'profiles_dir': '/dbt', 'invocation_command': 'dbt debug', 'partial_parse': 'True', 'static_parser': 'True', 'use_colors': 'True', 'send_anonymous_usage_stats': 'True', 'target_path': 'None', 'cache_selected_only': 'False', 'quiet': 'False', 'log_cache_events': 'False', 'use_experimental_parser': 'False', 'warn_error': 'None', 'no_print': 'None', 'introspect': 'True', 'printer_width': '80', 'fail_fast': 'False', 'log_format': 'default', 'debug': 'False', 'empty': 'None', 'version_check': 'True', 'write_json': 'True', 'log_path': '/dbt/logs'}
[0m11:40:40.176158 [info ] [MainThread]: dbt version: 1.10.15
[0m11:40:40.180676 [info ] [MainThread]: python version: 3.9.25
[0m11:40:40.186429 [info ] [MainThread]: python path: /usr/local/bin/python3.9
[0m11:40:40.191594 [info ] [MainThread]: os info: Linux-6.6.87.2-microsoft-standard-WSL2-x86_64-with-glibc2.41
[0m11:40:40.395419 [info ] [MainThread]: Using profiles dir at /dbt
[0m11:40:40.399365 [info ] [MainThread]: Using profiles.yml file at /dbt/profiles.yml
[0m11:40:40.404459 [info ] [MainThread]: Using dbt_project.yml file at /dbt/dbt_project.yml
[0m11:40:40.409616 [info ] [MainThread]: adapter type: postgres
[0m11:40:40.412959 [info ] [MainThread]: adapter version: 1.9.1
[0m11:40:40.735983 [info ] [MainThread]: Configuration:
[0m11:40:40.738682 [info ] [MainThread]:   profiles.yml file [[32mOK found and valid[0m]
[0m11:40:40.741500 [info ] [MainThread]:   dbt_project.yml file [[32mOK found and valid[0m]
[0m11:40:40.745910 [info ] [MainThread]: Required dependencies:
[0m11:40:40.749017 [debug] [MainThread]: Executing "git --help"
[0m11:40:40.761786 [debug] [MainThread]: STDOUT: "b"usage: git [-v | --version] [-h | --help] [-C <path>] [-c <name>=<value>]\n           [--exec-path[=<path>]] [--html-path] [--man-path] [--info-path]\n           [-p | --paginate | -P | --no-pager] [--no-replace-objects] [--no-lazy-fetch]\n           [--no-optional-locks] [--no-advice] [--bare] [--git-dir=<path>]\n           [--work-tree=<path>] [--namespace=<name>] [--config-env=<name>=<envvar>]\n           <command> [<args>]\n\nThese are common Git commands used in various situations:\n\nstart a working area (see also: git help tutorial)\n   clone     Clone a repository into a new directory\n   init      Create an empty Git repository or reinitialize an existing one\n\nwork on the current change (see also: git help everyday)\n   add       Add file contents to the index\n   mv        Move or rename a file, a directory, or a symlink\n   restore   Restore working tree files\n   rm        Remove files from the working tree and from the index\n\nexamine the history and state (see also: git help revisions)\n   bisect    Use binary search to find the commit that introduced a bug\n   diff      Show changes between commits, commit and working tree, etc\n   grep      Print lines matching a pattern\n   log       Show commit logs\n   show      Show various types of objects\n   status    Show the working tree status\n\ngrow, mark and tweak your common history\n   branch    List, create, or delete branches\n   commit    Record changes to the repository\n   merge     Join two or more development histories together\n   rebase    Reapply commits on top of another base tip\n   reset     Reset current HEAD to the specified state\n   switch    Switch branches\n   tag       Create, list, delete or verify a tag object signed with GPG\n\ncollaborate (see also: git help workflows)\n   fetch     Download objects and refs from another repository\n   pull      Fetch from and integrate with another repository or a local branch\n   push      Update remote refs along with associated objects\n\n'git help -a' and 'git help -g' list available subcommands and some\nconcept guides. See 'git help <command>' or 'git help <concept>'\nto read about a specific subcommand or concept.\nSee 'git help git' for an overview of the system.\n""
[0m11:40:40.765726 [debug] [MainThread]: STDERR: "b''"
[0m11:40:40.768944 [info ] [MainThread]:  - git [[32mOK found[0m]

[0m11:40:40.772431 [info ] [MainThread]: Connection:
[0m11:40:40.774984 [info ] [MainThread]:   host: database
[0m11:40:40.777312 [info ] [MainThread]:   port: 5432
[0m11:40:40.779952 [info ] [MainThread]:   user: postgres
[0m11:40:40.782636 [info ] [MainThread]:   database: postgres
[0m11:40:40.786441 [info ] [MainThread]:   schema: public
[0m11:40:40.789792 [info ] [MainThread]:   connect_timeout: 10
[0m11:40:40.792847 [info ] [MainThread]:   role: postgres
[0m11:40:40.795633 [info ] [MainThread]:   search_path: None
[0m11:40:40.798469 [info ] [MainThread]:   keepalives_idle: 0
[0m11:40:40.801781 [info ] [MainThread]:   sslmode: None
[0m11:40:40.805748 [info ] [MainThread]:   sslcert: None
[0m11:40:40.808767 [info ] [MainThread]:   sslkey: None
[0m11:40:40.812133 [info ] [MainThread]:   sslrootcert: None
[0m11:40:40.815085 [info ] [MainThread]:   application_name: dbt
[0m11:40:40.818533 [info ] [MainThread]:   retries: 1
[0m11:40:40.823046 [info ] [MainThread]: Registered adapter: postgres=1.9.1
[0m11:40:40.980008 [debug] [MainThread]: Acquiring new postgres connection 'debug'
[0m11:40:41.039761 [debug] [MainThread]: Using postgres connection "debug"
[0m11:40:41.042639 [debug] [MainThread]: On debug: select 1 as id
[0m11:40:41.045426 [debug] [MainThread]: Opening a new connection, currently in state init
[0m11:40:41.049316 [debug] [MainThread]: Postgres adapter: Got a retryable error when attempting to open a postgres connection.
1 attempts remaining. Retrying in 0 seconds.
Error:
could not translate host name "database" to address: Name or service not known

[0m11:40:41.053172 [debug] [MainThread]: Postgres adapter: Error running SQL: select 1 as id
[0m11:40:41.056143 [debug] [MainThread]: Postgres adapter: Rolling back transaction.
[0m11:40:41.059601 [debug] [MainThread]: On debug: No close available on handle
[0m11:40:41.062982 [info ] [MainThread]:   Connection test: [[31mERROR[0m]

[0m11:40:41.066948 [info ] [MainThread]: [31m1 check failed:[0m
[0m11:40:41.071363 [info ] [MainThread]: dbt was unable to connect to the specified database.
The database returned the following error:

  >Database Error
  could not translate host name "database" to address: Name or service not known
  

Check your database credentials and try again. For more information, visit:
https://docs.getdbt.com/docs/configure-your-profile


[0m11:40:41.077863 [debug] [MainThread]: Resource report: {"command_name": "debug", "command_success": false, "command_wall_clock_time": 1.210712, "process_in_blocks": "0", "process_kernel_time": 0.33595, "process_mem_max_rss": "107192", "process_out_blocks": "0", "process_user_time": 3.539478}
[0m11:40:41.081678 [debug] [MainThread]: Command `dbt debug` failed at 11:40:41.081266 after 1.22 seconds
[0m11:40:41.085601 [debug] [MainThread]: Connection 'debug' was properly closed.
[0m11:40:41.089302 [debug] [MainThread]: Sending event: {'category': 'dbt', 'action': 'invocation', 'label': 'end', 'context': [<snowplow_tracker.self_describing_json.SelfDescribingJson object at 0x7dbcb19d9e80>, <snowplow_tracker.self_describing_json.SelfDescribingJson object at 0x7dbcafe9ba00>, <snowplow_tracker.self_describing_json.SelfDescribingJson object at 0x7dbcafbce9d0>]}
[0m11:40:41.093576 [debug] [MainThread]: Flushing usage events
[0m11:40:42.617459 [debug] [MainThread]: An error was encountered while trying to flush usage events
[0m11:48:19.018545 [debug] [MainThread]: Sending event: {'category': 'dbt', 'action': 'invocation', 'label': 'start', 'context': [<snowplow_tracker.self_describing_json.SelfDescribingJson object at 0x790f406efe80>, <snowplow_tracker.self_describing_json.SelfDescribingJson object at 0x790f404d9160>, <snowplow_tracker.self_describing_json.SelfDescribingJson object at 0x790f3f6aa340>]}


============================== 11:48:19.031761 | e3af8dbf-4b08-4133-93e2-8bccfa9ec84d ==============================
[0m11:48:19.031761 [info ] [MainThread]: Running with dbt=1.10.15
[0m11:48:19.036406 [debug] [MainThread]: running dbt with arguments {'send_anonymous_usage_stats': 'True', 'log_path': '/dbt/logs', 'log_cache_events': 'False', 'use_colors': 'True', 'write_json': 'True', 'quiet': 'False', 'cache_selected_only': 'False', 'invocation_command': 'dbt seed', 'warn_error_options': 'WarnErrorOptionsV2(error=[], warn=[], silence=[])', 'target_path': 'None', 'partial_parse': 'True', 'version_check': 'True', 'printer_width': '80', 'indirect_selection': 'eager', 'log_format': 'default', 'profiles_dir': '/dbt', 'warn_error': 'None', 'debug': 'False', 'use_experimental_parser': 'False', 'static_parser': 'True', 'fail_fast': 'False', 'introspect': 'True', 'no_print': 'None', 'empty': 'None'}
[0m11:48:19.500488 [debug] [MainThread]: Sending event: {'category': 'dbt', 'action': 'project_id', 'label': 'e3af8dbf-4b08-4133-93e2-8bccfa9ec84d', 'context': [<snowplow_tracker.self_describing_json.SelfDescribingJson object at 0x790f42030940>]}
[0m11:48:19.710671 [debug] [MainThread]: Sending event: {'category': 'dbt', 'action': 'adapter_info', 'label': 'e3af8dbf-4b08-4133-93e2-8bccfa9ec84d', 'context': [<snowplow_tracker.self_describing_json.SelfDescribingJson object at 0x790f3e940790>]}
[0m11:48:19.714161 [info ] [MainThread]: Registered adapter: postgres=1.9.1
[0m11:48:20.130951 [debug] [MainThread]: checksum: 14a228079bd6df63ba81633f9a3cf44ecfaa31056ac397c602753ec895dbf885, vars: {}, profile: , target: , version: 1.10.15
[0m11:48:32.431491 [debug] [MainThread]: Partial parsing enabled: 0 files deleted, 0 files added, 0 files changed.
[0m11:48:32.436718 [debug] [MainThread]: Partial parsing enabled, no changes found, skipping parsing
[0m11:48:32.766797 [debug] [MainThread]: Sending event: {'category': 'dbt', 'action': 'load_project', 'label': 'e3af8dbf-4b08-4133-93e2-8bccfa9ec84d', 'context': [<snowplow_tracker.self_describing_json.SelfDescribingJson object at 0x790f3d8c3130>]}
[0m11:48:33.396100 [debug] [MainThread]: Wrote artifact WritableManifest to /dbt/target/manifest.json
[0m11:48:33.434330 [debug] [MainThread]: Wrote artifact SemanticManifest to /dbt/target/semantic_manifest.json
[0m11:48:33.523922 [debug] [MainThread]: Sending event: {'category': 'dbt', 'action': 'resource_counts', 'label': 'e3af8dbf-4b08-4133-93e2-8bccfa9ec84d', 'context': [<snowplow_tracker.self_describing_json.SelfDescribingJson object at 0x790f3d8f69a0>]}
[0m11:48:33.527795 [info ] [MainThread]: Found 13 models, 6 seeds, 27 data tests, 6 sources, 19 metrics, 746 macros, 6 semantic models, 3 saved queries, 3 unit tests
[0m11:48:33.531393 [debug] [MainThread]: Sending event: {'category': 'dbt', 'action': 'runnable_timing', 'label': 'e3af8dbf-4b08-4133-93e2-8bccfa9ec84d', 'context': [<snowplow_tracker.self_describing_json.SelfDescribingJson object at 0x790f3d8eb670>]}
[0m11:48:33.545051 [info ] [MainThread]: 
[0m11:48:33.548568 [info ] [MainThread]: Concurrency: 1 threads (target='dev')
[0m11:48:33.552766 [info ] [MainThread]: 
[0m11:48:33.558309 [debug] [MainThread]: Acquiring new postgres connection 'master'
[0m11:48:33.578002 [debug] [ThreadPool]: Acquiring new postgres connection 'list_postgres'
[0m11:48:33.699603 [debug] [ThreadPool]: Using postgres connection "list_postgres"
[0m11:48:33.702617 [debug] [ThreadPool]: On list_postgres: /* {"app": "dbt", "dbt_version": "1.10.15", "profile_name": "default", "target_name": "dev", "connection_name": "list_postgres"} */

    select distinct nspname from pg_namespace
  
[0m11:48:33.705220 [debug] [ThreadPool]: Opening a new connection, currently in state init
[0m11:48:33.709167 [debug] [ThreadPool]: Postgres adapter: Got a retryable error when attempting to open a postgres connection.
1 attempts remaining. Retrying in 0 seconds.
Error:
could not translate host name "database" to address: Name or service not known

[0m11:48:33.712980 [debug] [ThreadPool]: Postgres adapter: Error running SQL: /* {"app": "dbt", "dbt_version": "1.10.15", "profile_name": "default", "target_name": "dev", "connection_name": "list_postgres"} */

    select distinct nspname from pg_namespace
  
[0m11:48:33.716138 [debug] [ThreadPool]: Postgres adapter: Rolling back transaction.
[0m11:48:33.719529 [debug] [ThreadPool]: Postgres adapter: Error running SQL: macro list_schemas
[0m11:48:33.722770 [debug] [ThreadPool]: Postgres adapter: Rolling back transaction.
[0m11:48:33.726126 [debug] [ThreadPool]: On list_postgres: No close available on handle
[0m11:48:33.730710 [debug] [MainThread]: Connection 'master' was properly closed.
[0m11:48:33.734112 [debug] [MainThread]: Connection 'list_postgres' was properly closed.
[0m11:48:33.737780 [info ] [MainThread]: 
[0m11:48:33.742839 [info ] [MainThread]: Finished running  in 0 hours 0 minutes and 0.18 seconds (0.18s).
[0m11:48:33.748278 [error] [MainThread]: Encountered an error:
Database Error
  could not translate host name "database" to address: Name or service not known
  
[0m11:48:33.756407 [debug] [MainThread]: Resource report: {"command_name": "seed", "command_success": false, "command_wall_clock_time": 15.017586, "process_in_blocks": "1472", "process_kernel_time": 1.269216, "process_mem_max_rss": "117020", "process_out_blocks": "72", "process_user_time": 6.000661}
[0m11:48:33.761118 [debug] [MainThread]: Command `dbt seed` failed at 11:48:33.760464 after 15.02 seconds
[0m11:48:33.764519 [debug] [MainThread]: Sending event: {'category': 'dbt', 'action': 'invocation', 'label': 'end', 'context': [<snowplow_tracker.self_describing_json.SelfDescribingJson object at 0x790f406efe80>, <snowplow_tracker.self_describing_json.SelfDescribingJson object at 0x790f3e5bdc40>, <snowplow_tracker.self_describing_json.SelfDescribingJson object at 0x790f3d922ca0>]}
[0m11:48:33.768693 [debug] [MainThread]: Flushing usage events
[0m11:48:35.342094 [debug] [MainThread]: An error was encountered while trying to flush usage events
[0m11:50:06.746223 [debug] [MainThread]: Sending event: {'category': 'dbt', 'action': 'invocation', 'label': 'start', 'context': [<snowplow_tracker.self_describing_json.SelfDescribingJson object at 0x7b032060ef70>, <snowplow_tracker.self_describing_json.SelfDescribingJson object at 0x7b031f57d9d0>, <snowplow_tracker.self_describing_json.SelfDescribingJson object at 0x7b031f57d070>]}


============================== 11:50:06.758391 | 66bf4824-861d-46fc-9ca9-87b81b38bea8 ==============================
[0m11:50:06.758391 [info ] [MainThread]: Running with dbt=1.10.15
[0m11:50:06.762607 [debug] [MainThread]: running dbt with arguments {'printer_width': '80', 'fail_fast': 'False', 'log_format': 'default', 'introspect': 'True', 'warn_error': 'None', 'partial_parse': 'True', 'version_check': 'True', 'log_cache_events': 'False', 'target_path': 'None', 'write_json': 'True', 'static_parser': 'True', 'log_path': '/dbt/logs', 'cache_selected_only': 'False', 'invocation_command': 'dbt debug', 'no_print': 'None', 'empty': 'None', 'use_experimental_parser': 'False', 'debug': 'False', 'indirect_selection': 'eager', 'use_colors': 'True', 'quiet': 'False', 'warn_error_options': 'WarnErrorOptionsV2(error=[], warn=[], silence=[])', 'profiles_dir': '/dbt', 'send_anonymous_usage_stats': 'True'}
[0m11:50:06.794808 [info ] [MainThread]: dbt version: 1.10.15
[0m11:50:06.799247 [info ] [MainThread]: python version: 3.9.25
[0m11:50:06.804146 [info ] [MainThread]: python path: /usr/local/bin/python3.9
[0m11:50:06.808507 [info ] [MainThread]: os info: Linux-6.6.87.2-microsoft-standard-WSL2-x86_64-with-glibc2.41
[0m11:50:06.990961 [info ] [MainThread]: Using profiles dir at /dbt
[0m11:50:06.993695 [info ] [MainThread]: Using profiles.yml file at /dbt/profiles.yml
[0m11:50:06.996737 [info ] [MainThread]: Using dbt_project.yml file at /dbt/dbt_project.yml
[0m11:50:07.000927 [info ] [MainThread]: adapter type: postgres
[0m11:50:07.004176 [info ] [MainThread]: adapter version: 1.9.1
[0m11:50:07.291695 [info ] [MainThread]: Configuration:
[0m11:50:07.294793 [info ] [MainThread]:   profiles.yml file [[32mOK found and valid[0m]
[0m11:50:07.297755 [info ] [MainThread]:   dbt_project.yml file [[32mOK found and valid[0m]
[0m11:50:07.301668 [info ] [MainThread]: Required dependencies:
[0m11:50:07.304565 [debug] [MainThread]: Executing "git --help"
[0m11:50:07.315776 [debug] [MainThread]: STDOUT: "b"usage: git [-v | --version] [-h | --help] [-C <path>] [-c <name>=<value>]\n           [--exec-path[=<path>]] [--html-path] [--man-path] [--info-path]\n           [-p | --paginate | -P | --no-pager] [--no-replace-objects] [--no-lazy-fetch]\n           [--no-optional-locks] [--no-advice] [--bare] [--git-dir=<path>]\n           [--work-tree=<path>] [--namespace=<name>] [--config-env=<name>=<envvar>]\n           <command> [<args>]\n\nThese are common Git commands used in various situations:\n\nstart a working area (see also: git help tutorial)\n   clone     Clone a repository into a new directory\n   init      Create an empty Git repository or reinitialize an existing one\n\nwork on the current change (see also: git help everyday)\n   add       Add file contents to the index\n   mv        Move or rename a file, a directory, or a symlink\n   restore   Restore working tree files\n   rm        Remove files from the working tree and from the index\n\nexamine the history and state (see also: git help revisions)\n   bisect    Use binary search to find the commit that introduced a bug\n   diff      Show changes between commits, commit and working tree, etc\n   grep      Print lines matching a pattern\n   log       Show commit logs\n   show      Show various types of objects\n   status    Show the working tree status\n\ngrow, mark and tweak your common history\n   branch    List, create, or delete branches\n   commit    Record changes to the repository\n   merge     Join two or more development histories together\n   rebase    Reapply commits on top of another base tip\n   reset     Reset current HEAD to the specified state\n   switch    Switch branches\n   tag       Create, list, delete or verify a tag object signed with GPG\n\ncollaborate (see also: git help workflows)\n   fetch     Download objects and refs from another repository\n   pull      Fetch from and integrate with another repository or a local branch\n   push      Update remote refs along with associated objects\n\n'git help -a' and 'git help -g' list available subcommands and some\nconcept guides. See 'git help <command>' or 'git help <concept>'\nto read about a specific subcommand or concept.\nSee 'git help git' for an overview of the system.\n""
[0m11:50:07.318950 [debug] [MainThread]: STDERR: "b''"
[0m11:50:07.320892 [info ] [MainThread]:  - git [[32mOK found[0m]

[0m11:50:07.323101 [info ] [MainThread]: Connection:
[0m11:50:07.325641 [info ] [MainThread]:   host: database
[0m11:50:07.328170 [info ] [MainThread]:   port: 5432
[0m11:50:07.334432 [info ] [MainThread]:   user: postgres
[0m11:50:07.338828 [info ] [MainThread]:   database: postgres
[0m11:50:07.342058 [info ] [MainThread]:   schema: public
[0m11:50:07.345678 [info ] [MainThread]:   connect_timeout: 10
[0m11:50:07.354523 [info ] [MainThread]:   role: postgres
[0m11:50:07.357803 [info ] [MainThread]:   search_path: None
[0m11:50:07.361206 [info ] [MainThread]:   keepalives_idle: 0
[0m11:50:07.365181 [info ] [MainThread]:   sslmode: None
[0m11:50:07.369125 [info ] [MainThread]:   sslcert: None
[0m11:50:07.372147 [info ] [MainThread]:   sslkey: None
[0m11:50:07.374902 [info ] [MainThread]:   sslrootcert: None
[0m11:50:07.378498 [info ] [MainThread]:   application_name: dbt
[0m11:50:07.381996 [info ] [MainThread]:   retries: 1
[0m11:50:07.386477 [info ] [MainThread]: Registered adapter: postgres=1.9.1
[0m11:50:07.587875 [debug] [MainThread]: Acquiring new postgres connection 'debug'
[0m11:50:07.661900 [debug] [MainThread]: Using postgres connection "debug"
[0m11:50:07.665450 [debug] [MainThread]: On debug: select 1 as id
[0m11:50:07.668766 [debug] [MainThread]: Opening a new connection, currently in state init
[0m11:50:07.672890 [debug] [MainThread]: Postgres adapter: Got a retryable error when attempting to open a postgres connection.
1 attempts remaining. Retrying in 0 seconds.
Error:
could not translate host name "database" to address: Name or service not known

[0m11:50:07.676790 [debug] [MainThread]: Postgres adapter: Error running SQL: select 1 as id
[0m11:50:07.680065 [debug] [MainThread]: Postgres adapter: Rolling back transaction.
[0m11:50:07.683385 [debug] [MainThread]: On debug: No close available on handle
[0m11:50:07.686609 [info ] [MainThread]:   Connection test: [[31mERROR[0m]

[0m11:50:07.690043 [info ] [MainThread]: [31m1 check failed:[0m
[0m11:50:07.695016 [info ] [MainThread]: dbt was unable to connect to the specified database.
The database returned the following error:

  >Database Error
  could not translate host name "database" to address: Name or service not known
  

Check your database credentials and try again. For more information, visit:
https://docs.getdbt.com/docs/configure-your-profile


[0m11:50:07.702027 [debug] [MainThread]: Resource report: {"command_name": "debug", "command_success": false, "command_wall_clock_time": 1.2158706, "process_in_blocks": "0", "process_kernel_time": 0.408709, "process_mem_max_rss": "107500", "process_out_blocks": "0", "process_user_time": 3.534133}
[0m11:50:07.706560 [debug] [MainThread]: Command `dbt debug` failed at 11:50:07.705996 after 1.22 seconds
[0m11:50:07.711344 [debug] [MainThread]: Connection 'debug' was properly closed.
[0m11:50:07.718655 [debug] [MainThread]: Sending event: {'category': 'dbt', 'action': 'invocation', 'label': 'end', 'context': [<snowplow_tracker.self_describing_json.SelfDescribingJson object at 0x7b032060ef70>, <snowplow_tracker.self_describing_json.SelfDescribingJson object at 0x7b031e5ee670>, <snowplow_tracker.self_describing_json.SelfDescribingJson object at 0x7b03204514c0>]}
[0m11:50:07.726314 [debug] [MainThread]: Flushing usage events
[0m11:50:09.345177 [debug] [MainThread]: An error was encountered while trying to flush usage events
[0m12:05:46.204146 [debug] [MainThread]: Sending event: {'category': 'dbt', 'action': 'invocation', 'label': 'start', 'context': [<snowplow_tracker.self_describing_json.SelfDescribingJson object at 0x7a80f4883f40>, <snowplow_tracker.self_describing_json.SelfDescribingJson object at 0x7a80f37f34c0>, <snowplow_tracker.self_describing_json.SelfDescribingJson object at 0x7a80f37f3be0>]}


============================== 12:05:46.217583 | 843798ae-2945-4263-b91b-6e91b11d0cec ==============================
[0m12:05:46.217583 [info ] [MainThread]: Running with dbt=1.10.15
[0m12:05:46.222057 [debug] [MainThread]: running dbt with arguments {'partial_parse': 'True', 'use_colors': 'True', 'no_print': 'None', 'cache_selected_only': 'False', 'version_check': 'True', 'warn_error_options': 'WarnErrorOptionsV2(error=[], warn=[], silence=[])', 'fail_fast': 'False', 'profiles_dir': '/dbt', 'empty': 'None', 'printer_width': '80', 'use_experimental_parser': 'False', 'log_format': 'default', 'introspect': 'True', 'log_path': '/dbt/logs', 'write_json': 'True', 'send_anonymous_usage_stats': 'True', 'log_cache_events': 'False', 'warn_error': 'None', 'static_parser': 'True', 'quiet': 'False', 'invocation_command': 'dbt debug', 'target_path': 'None', 'debug': 'False', 'indirect_selection': 'eager'}
[0m12:05:46.255788 [info ] [MainThread]: dbt version: 1.10.15
[0m12:05:46.259342 [info ] [MainThread]: python version: 3.9.25
[0m12:05:46.263735 [info ] [MainThread]: python path: /usr/local/bin/python3.9
[0m12:05:46.268759 [info ] [MainThread]: os info: Linux-6.6.87.2-microsoft-standard-WSL2-x86_64-with-glibc2.41
[0m12:05:46.454161 [info ] [MainThread]: Using profiles dir at /dbt
[0m12:05:46.457161 [info ] [MainThread]: Using profiles.yml file at /dbt/profiles.yml
[0m12:05:46.460248 [info ] [MainThread]: Using dbt_project.yml file at /dbt/dbt_project.yml
[0m12:05:46.463776 [info ] [MainThread]: adapter type: postgres
[0m12:05:46.466809 [info ] [MainThread]: adapter version: 1.9.1
[0m12:05:46.839647 [info ] [MainThread]: Configuration:
[0m12:05:46.842378 [info ] [MainThread]:   profiles.yml file [[32mOK found and valid[0m]
[0m12:05:46.845469 [info ] [MainThread]:   dbt_project.yml file [[32mOK found and valid[0m]
[0m12:05:46.848563 [info ] [MainThread]: Required dependencies:
[0m12:05:46.852776 [debug] [MainThread]: Executing "git --help"
[0m12:05:46.868848 [debug] [MainThread]: STDOUT: "b"usage: git [-v | --version] [-h | --help] [-C <path>] [-c <name>=<value>]\n           [--exec-path[=<path>]] [--html-path] [--man-path] [--info-path]\n           [-p | --paginate | -P | --no-pager] [--no-replace-objects] [--no-lazy-fetch]\n           [--no-optional-locks] [--no-advice] [--bare] [--git-dir=<path>]\n           [--work-tree=<path>] [--namespace=<name>] [--config-env=<name>=<envvar>]\n           <command> [<args>]\n\nThese are common Git commands used in various situations:\n\nstart a working area (see also: git help tutorial)\n   clone     Clone a repository into a new directory\n   init      Create an empty Git repository or reinitialize an existing one\n\nwork on the current change (see also: git help everyday)\n   add       Add file contents to the index\n   mv        Move or rename a file, a directory, or a symlink\n   restore   Restore working tree files\n   rm        Remove files from the working tree and from the index\n\nexamine the history and state (see also: git help revisions)\n   bisect    Use binary search to find the commit that introduced a bug\n   diff      Show changes between commits, commit and working tree, etc\n   grep      Print lines matching a pattern\n   log       Show commit logs\n   show      Show various types of objects\n   status    Show the working tree status\n\ngrow, mark and tweak your common history\n   branch    List, create, or delete branches\n   commit    Record changes to the repository\n   merge     Join two or more development histories together\n   rebase    Reapply commits on top of another base tip\n   reset     Reset current HEAD to the specified state\n   switch    Switch branches\n   tag       Create, list, delete or verify a tag object signed with GPG\n\ncollaborate (see also: git help workflows)\n   fetch     Download objects and refs from another repository\n   pull      Fetch from and integrate with another repository or a local branch\n   push      Update remote refs along with associated objects\n\n'git help -a' and 'git help -g' list available subcommands and some\nconcept guides. See 'git help <command>' or 'git help <concept>'\nto read about a specific subcommand or concept.\nSee 'git help git' for an overview of the system.\n""
[0m12:05:46.873103 [debug] [MainThread]: STDERR: "b''"
[0m12:05:46.876286 [info ] [MainThread]:  - git [[32mOK found[0m]

[0m12:05:46.879674 [info ] [MainThread]: Connection:
[0m12:05:46.883658 [info ] [MainThread]:   host: database
[0m12:05:46.888208 [info ] [MainThread]:   port: 5432
[0m12:05:46.891400 [info ] [MainThread]:   user: postgres
[0m12:05:46.894959 [info ] [MainThread]:   database: postgres
[0m12:05:46.898170 [info ] [MainThread]:   schema: public
[0m12:05:46.902260 [info ] [MainThread]:   connect_timeout: 10
[0m12:05:46.906180 [info ] [MainThread]:   role: postgres
[0m12:05:46.909732 [info ] [MainThread]:   search_path: None
[0m12:05:46.913232 [info ] [MainThread]:   keepalives_idle: 0
[0m12:05:46.917286 [info ] [MainThread]:   sslmode: None
[0m12:05:46.921581 [info ] [MainThread]:   sslcert: None
[0m12:05:46.925366 [info ] [MainThread]:   sslkey: None
[0m12:05:46.928648 [info ] [MainThread]:   sslrootcert: None
[0m12:05:46.932100 [info ] [MainThread]:   application_name: dbt
[0m12:05:46.936040 [info ] [MainThread]:   retries: 1
[0m12:05:46.940839 [info ] [MainThread]: Registered adapter: postgres=1.9.1
[0m12:05:47.162643 [debug] [MainThread]: Acquiring new postgres connection 'debug'
[0m12:05:47.253413 [debug] [MainThread]: Using postgres connection "debug"
[0m12:05:47.256858 [debug] [MainThread]: On debug: select 1 as id
[0m12:05:47.260167 [debug] [MainThread]: Opening a new connection, currently in state init
[0m12:05:47.265232 [debug] [MainThread]: Postgres adapter: Got a retryable error when attempting to open a postgres connection.
1 attempts remaining. Retrying in 0 seconds.
Error:
could not translate host name "database" to address: Name or service not known

[0m12:05:47.269358 [debug] [MainThread]: Postgres adapter: Error running SQL: select 1 as id
[0m12:05:47.272835 [debug] [MainThread]: Postgres adapter: Rolling back transaction.
[0m12:05:47.276611 [debug] [MainThread]: On debug: No close available on handle
[0m12:05:47.280031 [info ] [MainThread]:   Connection test: [[31mERROR[0m]

[0m12:05:47.283897 [info ] [MainThread]: [31m1 check failed:[0m
[0m12:05:47.288764 [info ] [MainThread]: dbt was unable to connect to the specified database.
The database returned the following error:

  >Database Error
  could not translate host name "database" to address: Name or service not known
  

Check your database credentials and try again. For more information, visit:
https://docs.getdbt.com/docs/configure-your-profile


[0m12:05:47.297312 [debug] [MainThread]: Resource report: {"command_name": "debug", "command_success": false, "command_wall_clock_time": 1.3670659, "process_in_blocks": "24", "process_kernel_time": 0.505889, "process_mem_max_rss": "107656", "process_out_blocks": "0", "process_user_time": 3.916693}
[0m12:05:47.302214 [debug] [MainThread]: Command `dbt debug` failed at 12:05:47.301698 after 1.37 seconds
[0m12:05:47.305837 [debug] [MainThread]: Connection 'debug' was properly closed.
[0m12:05:47.309937 [debug] [MainThread]: Sending event: {'category': 'dbt', 'action': 'invocation', 'label': 'end', 'context': [<snowplow_tracker.self_describing_json.SelfDescribingJson object at 0x7a80f4883f40>, <snowplow_tracker.self_describing_json.SelfDescribingJson object at 0x7a80f274c2b0>, <snowplow_tracker.self_describing_json.SelfDescribingJson object at 0x7a80f3966670>]}
[0m12:05:47.314991 [debug] [MainThread]: Flushing usage events
[0m12:05:48.916262 [debug] [MainThread]: An error was encountered while trying to flush usage events
[0m12:06:36.490812 [debug] [MainThread]: Sending event: {'category': 'dbt', 'action': 'invocation', 'label': 'start', 'context': [<snowplow_tracker.self_describing_json.SelfDescribingJson object at 0x79c47454cf40>, <snowplow_tracker.self_describing_json.SelfDescribingJson object at 0x79c4734bb4c0>, <snowplow_tracker.self_describing_json.SelfDescribingJson object at 0x79c4734bbbe0>]}


============================== 12:06:36.504490 | b5fb020a-3c35-407e-9c2f-9e596aa0130b ==============================
[0m12:06:36.504490 [info ] [MainThread]: Running with dbt=1.10.15
[0m12:06:36.508562 [debug] [MainThread]: running dbt with arguments {'log_format': 'default', 'log_cache_events': 'False', 'partial_parse': 'True', 'use_colors': 'True', 'send_anonymous_usage_stats': 'True', 'fail_fast': 'False', 'write_json': 'True', 'cache_selected_only': 'False', 'debug': 'False', 'indirect_selection': 'eager', 'target_path': 'None', 'no_print': 'None', 'empty': 'None', 'printer_width': '80', 'profiles_dir': '/dbt', 'introspect': 'True', 'quiet': 'False', 'warn_error': 'None', 'invocation_command': 'dbt debug', 'version_check': 'True', 'use_experimental_parser': 'False', 'static_parser': 'True', 'warn_error_options': 'WarnErrorOptionsV2(error=[], warn=[], silence=[])', 'log_path': '/dbt/logs'}
[0m12:06:36.543413 [info ] [MainThread]: dbt version: 1.10.15
[0m12:06:36.547576 [info ] [MainThread]: python version: 3.9.25
[0m12:06:36.552573 [info ] [MainThread]: python path: /usr/local/bin/python3.9
[0m12:06:36.557329 [info ] [MainThread]: os info: Linux-6.6.87.2-microsoft-standard-WSL2-x86_64-with-glibc2.41
[0m12:06:36.766874 [info ] [MainThread]: Using profiles dir at /dbt
[0m12:06:36.770428 [info ] [MainThread]: Using profiles.yml file at /dbt/profiles.yml
[0m12:06:36.774615 [info ] [MainThread]: Using dbt_project.yml file at /dbt/dbt_project.yml
[0m12:06:36.779290 [info ] [MainThread]: adapter type: postgres
[0m12:06:36.782041 [info ] [MainThread]: adapter version: 1.9.1
[0m12:06:37.221224 [info ] [MainThread]: Configuration:
[0m12:06:37.225129 [info ] [MainThread]:   profiles.yml file [[32mOK found and valid[0m]
[0m12:06:37.229845 [info ] [MainThread]:   dbt_project.yml file [[32mOK found and valid[0m]
[0m12:06:37.235722 [info ] [MainThread]: Required dependencies:
[0m12:06:37.240069 [debug] [MainThread]: Executing "git --help"
[0m12:06:37.257395 [debug] [MainThread]: STDOUT: "b"usage: git [-v | --version] [-h | --help] [-C <path>] [-c <name>=<value>]\n           [--exec-path[=<path>]] [--html-path] [--man-path] [--info-path]\n           [-p | --paginate | -P | --no-pager] [--no-replace-objects] [--no-lazy-fetch]\n           [--no-optional-locks] [--no-advice] [--bare] [--git-dir=<path>]\n           [--work-tree=<path>] [--namespace=<name>] [--config-env=<name>=<envvar>]\n           <command> [<args>]\n\nThese are common Git commands used in various situations:\n\nstart a working area (see also: git help tutorial)\n   clone     Clone a repository into a new directory\n   init      Create an empty Git repository or reinitialize an existing one\n\nwork on the current change (see also: git help everyday)\n   add       Add file contents to the index\n   mv        Move or rename a file, a directory, or a symlink\n   restore   Restore working tree files\n   rm        Remove files from the working tree and from the index\n\nexamine the history and state (see also: git help revisions)\n   bisect    Use binary search to find the commit that introduced a bug\n   diff      Show changes between commits, commit and working tree, etc\n   grep      Print lines matching a pattern\n   log       Show commit logs\n   show      Show various types of objects\n   status    Show the working tree status\n\ngrow, mark and tweak your common history\n   branch    List, create, or delete branches\n   commit    Record changes to the repository\n   merge     Join two or more development histories together\n   rebase    Reapply commits on top of another base tip\n   reset     Reset current HEAD to the specified state\n   switch    Switch branches\n   tag       Create, list, delete or verify a tag object signed with GPG\n\ncollaborate (see also: git help workflows)\n   fetch     Download objects and refs from another repository\n   pull      Fetch from and integrate with another repository or a local branch\n   push      Update remote refs along with associated objects\n\n'git help -a' and 'git help -g' list available subcommands and some\nconcept guides. See 'git help <command>' or 'git help <concept>'\nto read about a specific subcommand or concept.\nSee 'git help git' for an overview of the system.\n""
[0m12:06:37.261916 [debug] [MainThread]: STDERR: "b''"
[0m12:06:37.265498 [info ] [MainThread]:  - git [[32mOK found[0m]

[0m12:06:37.269317 [info ] [MainThread]: Connection:
[0m12:06:37.274335 [info ] [MainThread]:   host: database
[0m12:06:37.278121 [info ] [MainThread]:   port: 5432
[0m12:06:37.281749 [info ] [MainThread]:   user: postgres
[0m12:06:37.286687 [info ] [MainThread]:   database: postgres
[0m12:06:37.290921 [info ] [MainThread]:   schema: public
[0m12:06:37.295037 [info ] [MainThread]:   connect_timeout: 10
[0m12:06:37.299694 [info ] [MainThread]:   role: postgres
[0m12:06:37.304725 [info ] [MainThread]:   search_path: None
[0m12:06:37.308509 [info ] [MainThread]:   keepalives_idle: 0
[0m12:06:37.312323 [info ] [MainThread]:   sslmode: None
[0m12:06:37.316121 [info ] [MainThread]:   sslcert: None
[0m12:06:37.321115 [info ] [MainThread]:   sslkey: None
[0m12:06:37.325251 [info ] [MainThread]:   sslrootcert: None
[0m12:06:37.329122 [info ] [MainThread]:   application_name: dbt
[0m12:06:37.333557 [info ] [MainThread]:   retries: 1
[0m12:06:37.340069 [info ] [MainThread]: Registered adapter: postgres=1.9.1
[0m12:06:37.551213 [debug] [MainThread]: Acquiring new postgres connection 'debug'
[0m12:06:37.637074 [debug] [MainThread]: Using postgres connection "debug"
[0m12:06:37.640614 [debug] [MainThread]: On debug: select 1 as id
[0m12:06:37.643930 [debug] [MainThread]: Opening a new connection, currently in state init
[0m12:06:37.648731 [debug] [MainThread]: Postgres adapter: Got a retryable error when attempting to open a postgres connection.
1 attempts remaining. Retrying in 0 seconds.
Error:
could not translate host name "database" to address: Name or service not known

[0m12:06:37.652985 [debug] [MainThread]: Postgres adapter: Error running SQL: select 1 as id
[0m12:06:37.656476 [debug] [MainThread]: Postgres adapter: Rolling back transaction.
[0m12:06:37.659781 [debug] [MainThread]: On debug: No close available on handle
[0m12:06:37.662941 [info ] [MainThread]:   Connection test: [[31mERROR[0m]

[0m12:06:37.666504 [info ] [MainThread]: [31m1 check failed:[0m
[0m12:06:37.671289 [info ] [MainThread]: dbt was unable to connect to the specified database.
The database returned the following error:

  >Database Error
  could not translate host name "database" to address: Name or service not known
  

Check your database credentials and try again. For more information, visit:
https://docs.getdbt.com/docs/configure-your-profile


[0m12:06:37.677670 [debug] [MainThread]: Resource report: {"command_name": "debug", "command_success": false, "command_wall_clock_time": 1.4198258, "process_in_blocks": "0", "process_kernel_time": 0.344545, "process_mem_max_rss": "107848", "process_out_blocks": "0", "process_user_time": 4.186623}
[0m12:06:37.681623 [debug] [MainThread]: Command `dbt debug` failed at 12:06:37.681196 after 1.42 seconds
[0m12:06:37.685470 [debug] [MainThread]: Connection 'debug' was properly closed.
[0m12:06:37.689529 [debug] [MainThread]: Sending event: {'category': 'dbt', 'action': 'invocation', 'label': 'end', 'context': [<snowplow_tracker.self_describing_json.SelfDescribingJson object at 0x79c47454cf40>, <snowplow_tracker.self_describing_json.SelfDescribingJson object at 0x79c47270c2b0>, <snowplow_tracker.self_describing_json.SelfDescribingJson object at 0x79c47362e670>]}
[0m12:06:37.693144 [debug] [MainThread]: Flushing usage events
[0m12:06:39.501355 [debug] [MainThread]: An error was encountered while trying to flush usage events
[0m12:08:29.415867 [debug] [MainThread]: Sending event: {'category': 'dbt', 'action': 'invocation', 'label': 'start', 'context': [<snowplow_tracker.self_describing_json.SelfDescribingJson object at 0x75b6940ebfd0>, <snowplow_tracker.self_describing_json.SelfDescribingJson object at 0x75b69309ab50>, <snowplow_tracker.self_describing_json.SelfDescribingJson object at 0x75b692ffe0a0>]}


============================== 12:08:29.429502 | b20dc00e-af20-40c7-8dd7-335a7fdcbd24 ==============================
[0m12:08:29.429502 [info ] [MainThread]: Running with dbt=1.10.15
[0m12:08:29.433824 [debug] [MainThread]: running dbt with arguments {'write_json': 'True', 'no_print': 'None', 'warn_error_options': 'WarnErrorOptionsV2(error=[], warn=[], silence=[])', 'target_path': 'None', 'version_check': 'True', 'static_parser': 'True', 'fail_fast': 'False', 'quiet': 'False', 'cache_selected_only': 'False', 'invocation_command': 'dbt seed', 'log_path': '/dbt/logs', 'use_colors': 'True', 'warn_error': 'None', 'send_anonymous_usage_stats': 'True', 'log_cache_events': 'False', 'profiles_dir': '/dbt', 'printer_width': '80', 'introspect': 'True', 'indirect_selection': 'eager', 'use_experimental_parser': 'False', 'empty': 'None', 'debug': 'False', 'log_format': 'default', 'partial_parse': 'True'}
[0m12:08:29.983426 [debug] [MainThread]: Sending event: {'category': 'dbt', 'action': 'project_id', 'label': 'b20dc00e-af20-40c7-8dd7-335a7fdcbd24', 'context': [<snowplow_tracker.self_describing_json.SelfDescribingJson object at 0x75b69309ad60>]}
[0m12:08:30.130201 [debug] [MainThread]: Sending event: {'category': 'dbt', 'action': 'adapter_info', 'label': 'b20dc00e-af20-40c7-8dd7-335a7fdcbd24', 'context': [<snowplow_tracker.self_describing_json.SelfDescribingJson object at 0x75b6930f6d60>]}
[0m12:08:30.133674 [info ] [MainThread]: Registered adapter: postgres=1.9.1
[0m12:08:30.571985 [debug] [MainThread]: checksum: 14a228079bd6df63ba81633f9a3cf44ecfaa31056ac397c602753ec895dbf885, vars: {}, profile: , target: , version: 1.10.15
[0m12:08:43.288430 [debug] [MainThread]: Partial parsing enabled: 0 files deleted, 0 files added, 0 files changed.
[0m12:08:43.295056 [debug] [MainThread]: Partial parsing enabled, no changes found, skipping parsing
[0m12:08:43.690207 [debug] [MainThread]: Sending event: {'category': 'dbt', 'action': 'load_project', 'label': 'b20dc00e-af20-40c7-8dd7-335a7fdcbd24', 'context': [<snowplow_tracker.self_describing_json.SelfDescribingJson object at 0x75b6912c0ee0>]}
[0m12:08:44.430730 [debug] [MainThread]: Wrote artifact WritableManifest to /dbt/target/manifest.json
[0m12:08:44.478658 [debug] [MainThread]: Wrote artifact SemanticManifest to /dbt/target/semantic_manifest.json
[0m12:08:44.558227 [debug] [MainThread]: Sending event: {'category': 'dbt', 'action': 'resource_counts', 'label': 'b20dc00e-af20-40c7-8dd7-335a7fdcbd24', 'context': [<snowplow_tracker.self_describing_json.SelfDescribingJson object at 0x75b6912f9df0>]}
[0m12:08:44.562365 [info ] [MainThread]: Found 13 models, 6 seeds, 27 data tests, 6 sources, 19 metrics, 746 macros, 6 semantic models, 3 saved queries, 3 unit tests
[0m12:08:44.566383 [debug] [MainThread]: Sending event: {'category': 'dbt', 'action': 'runnable_timing', 'label': 'b20dc00e-af20-40c7-8dd7-335a7fdcbd24', 'context': [<snowplow_tracker.self_describing_json.SelfDescribingJson object at 0x75b694343640>]}
[0m12:08:44.578621 [info ] [MainThread]: 
[0m12:08:44.583838 [info ] [MainThread]: Concurrency: 1 threads (target='dev')
[0m12:08:44.588639 [info ] [MainThread]: 
[0m12:08:44.592949 [debug] [MainThread]: Acquiring new postgres connection 'master'
[0m12:08:44.612657 [debug] [ThreadPool]: Acquiring new postgres connection 'list_postgres'
[0m12:08:44.756385 [debug] [ThreadPool]: Using postgres connection "list_postgres"
[0m12:08:44.759905 [debug] [ThreadPool]: On list_postgres: /* {"app": "dbt", "dbt_version": "1.10.15", "profile_name": "default", "target_name": "dev", "connection_name": "list_postgres"} */

    select distinct nspname from pg_namespace
  
[0m12:08:44.763254 [debug] [ThreadPool]: Opening a new connection, currently in state init
[0m12:08:44.768158 [debug] [ThreadPool]: Postgres adapter: Got a retryable error when attempting to open a postgres connection.
1 attempts remaining. Retrying in 0 seconds.
Error:
could not translate host name "database" to address: Name or service not known

[0m12:08:44.772051 [debug] [ThreadPool]: Postgres adapter: Error running SQL: /* {"app": "dbt", "dbt_version": "1.10.15", "profile_name": "default", "target_name": "dev", "connection_name": "list_postgres"} */

    select distinct nspname from pg_namespace
  
[0m12:08:44.775407 [debug] [ThreadPool]: Postgres adapter: Rolling back transaction.
[0m12:08:44.779962 [debug] [ThreadPool]: Postgres adapter: Error running SQL: macro list_schemas
[0m12:08:44.784212 [debug] [ThreadPool]: Postgres adapter: Rolling back transaction.
[0m12:08:44.787850 [debug] [ThreadPool]: On list_postgres: No close available on handle
[0m12:08:44.793013 [debug] [MainThread]: Connection 'master' was properly closed.
[0m12:08:44.797231 [debug] [MainThread]: Connection 'list_postgres' was properly closed.
[0m12:08:44.800799 [info ] [MainThread]: 
[0m12:08:44.808722 [info ] [MainThread]: Finished running  in 0 hours 0 minutes and 0.21 seconds (0.21s).
[0m12:08:44.841327 [error] [MainThread]: Encountered an error:
Database Error
  could not translate host name "database" to address: Name or service not known
  
[0m12:08:44.869702 [debug] [MainThread]: Resource report: {"command_name": "seed", "command_success": false, "command_wall_clock_time": 15.673436, "process_in_blocks": "40", "process_kernel_time": 1.063231, "process_mem_max_rss": "117112", "process_out_blocks": "0", "process_user_time": 5.908643}
[0m12:08:44.875756 [debug] [MainThread]: Command `dbt seed` failed at 12:08:44.875115 after 15.68 seconds
[0m12:08:44.889066 [debug] [MainThread]: Sending event: {'category': 'dbt', 'action': 'invocation', 'label': 'end', 'context': [<snowplow_tracker.self_describing_json.SelfDescribingJson object at 0x75b6940ebfd0>, <snowplow_tracker.self_describing_json.SelfDescribingJson object at 0x75b69130e520>, <snowplow_tracker.self_describing_json.SelfDescribingJson object at 0x75b690f9f310>]}
[0m12:08:44.894589 [debug] [MainThread]: Flushing usage events
[0m12:08:46.370585 [debug] [MainThread]: An error was encountered while trying to flush usage events
[0m12:41:08.458084 [debug] [MainThread]: Sending event: {'category': 'dbt', 'action': 'invocation', 'label': 'start', 'context': [<snowplow_tracker.self_describing_json.SelfDescribingJson object at 0x78ebc2c17f40>, <snowplow_tracker.self_describing_json.SelfDescribingJson object at 0x78ebc1b874c0>, <snowplow_tracker.self_describing_json.SelfDescribingJson object at 0x78ebc1b87be0>]}


============================== 12:41:08.471671 | 0c8652ff-02b6-4118-9632-deb7f4b822a8 ==============================
[0m12:41:08.471671 [info ] [MainThread]: Running with dbt=1.10.15
[0m12:41:08.475069 [debug] [MainThread]: running dbt with arguments {'send_anonymous_usage_stats': 'True', 'log_path': '/dbt/logs', 'write_json': 'True', 'log_format': 'default', 'use_colors': 'True', 'log_cache_events': 'False', 'partial_parse': 'True', 'use_experimental_parser': 'False', 'static_parser': 'True', 'printer_width': '80', 'invocation_command': 'dbt debug', 'target_path': 'None', 'warn_error_options': 'WarnErrorOptionsV2(error=[], warn=[], silence=[])', 'version_check': 'True', 'warn_error': 'None', 'debug': 'False', 'no_print': 'None', 'empty': 'None', 'fail_fast': 'False', 'profiles_dir': '/dbt', 'introspect': 'True', 'indirect_selection': 'eager', 'quiet': 'False', 'cache_selected_only': 'False'}
[0m12:41:08.533374 [info ] [MainThread]: dbt version: 1.10.15
[0m12:41:08.537025 [info ] [MainThread]: python version: 3.9.25
[0m12:41:08.541505 [info ] [MainThread]: python path: /usr/local/bin/python3.9
[0m12:41:08.546798 [info ] [MainThread]: os info: Linux-6.6.87.2-microsoft-standard-WSL2-x86_64-with-glibc2.41
[0m12:41:08.899575 [info ] [MainThread]: Using profiles dir at /dbt
[0m12:41:08.904855 [info ] [MainThread]: Using profiles.yml file at /dbt/profiles.yml
[0m12:41:08.909489 [info ] [MainThread]: Using dbt_project.yml file at /dbt/dbt_project.yml
[0m12:41:08.915943 [info ] [MainThread]: adapter type: postgres
[0m12:41:08.919467 [info ] [MainThread]: adapter version: 1.9.1
[0m12:41:09.271076 [info ] [MainThread]: Configuration:
[0m12:41:09.273699 [info ] [MainThread]:   profiles.yml file [[32mOK found and valid[0m]
[0m12:41:09.276246 [info ] [MainThread]:   dbt_project.yml file [[32mOK found and valid[0m]
[0m12:41:09.279087 [info ] [MainThread]: Required dependencies:
[0m12:41:09.282310 [debug] [MainThread]: Executing "git --help"
[0m12:41:09.314380 [debug] [MainThread]: STDOUT: "b"usage: git [-v | --version] [-h | --help] [-C <path>] [-c <name>=<value>]\n           [--exec-path[=<path>]] [--html-path] [--man-path] [--info-path]\n           [-p | --paginate | -P | --no-pager] [--no-replace-objects] [--no-lazy-fetch]\n           [--no-optional-locks] [--no-advice] [--bare] [--git-dir=<path>]\n           [--work-tree=<path>] [--namespace=<name>] [--config-env=<name>=<envvar>]\n           <command> [<args>]\n\nThese are common Git commands used in various situations:\n\nstart a working area (see also: git help tutorial)\n   clone     Clone a repository into a new directory\n   init      Create an empty Git repository or reinitialize an existing one\n\nwork on the current change (see also: git help everyday)\n   add       Add file contents to the index\n   mv        Move or rename a file, a directory, or a symlink\n   restore   Restore working tree files\n   rm        Remove files from the working tree and from the index\n\nexamine the history and state (see also: git help revisions)\n   bisect    Use binary search to find the commit that introduced a bug\n   diff      Show changes between commits, commit and working tree, etc\n   grep      Print lines matching a pattern\n   log       Show commit logs\n   show      Show various types of objects\n   status    Show the working tree status\n\ngrow, mark and tweak your common history\n   branch    List, create, or delete branches\n   commit    Record changes to the repository\n   merge     Join two or more development histories together\n   rebase    Reapply commits on top of another base tip\n   reset     Reset current HEAD to the specified state\n   switch    Switch branches\n   tag       Create, list, delete or verify a tag object signed with GPG\n\ncollaborate (see also: git help workflows)\n   fetch     Download objects and refs from another repository\n   pull      Fetch from and integrate with another repository or a local branch\n   push      Update remote refs along with associated objects\n\n'git help -a' and 'git help -g' list available subcommands and some\nconcept guides. See 'git help <command>' or 'git help <concept>'\nto read about a specific subcommand or concept.\nSee 'git help git' for an overview of the system.\n""
[0m12:41:09.318347 [debug] [MainThread]: STDERR: "b''"
[0m12:41:09.321667 [info ] [MainThread]:  - git [[32mOK found[0m]

[0m12:41:09.324900 [info ] [MainThread]: Connection:
[0m12:41:09.330039 [info ] [MainThread]:   host: database
[0m12:41:09.334898 [info ] [MainThread]:   port: 5432
[0m12:41:09.339025 [info ] [MainThread]:   user: postgres
[0m12:41:09.342636 [info ] [MainThread]:   database: postgres
[0m12:41:09.346539 [info ] [MainThread]:   schema: public
[0m12:41:09.350213 [info ] [MainThread]:   connect_timeout: 10
[0m12:41:09.353947 [info ] [MainThread]:   role: postgres
[0m12:41:09.357390 [info ] [MainThread]:   search_path: None
[0m12:41:09.360909 [info ] [MainThread]:   keepalives_idle: 0
[0m12:41:09.364819 [info ] [MainThread]:   sslmode: None
[0m12:41:09.370008 [info ] [MainThread]:   sslcert: None
[0m12:41:09.373754 [info ] [MainThread]:   sslkey: None
[0m12:41:09.377613 [info ] [MainThread]:   sslrootcert: None
[0m12:41:09.383914 [info ] [MainThread]:   application_name: dbt
[0m12:41:09.389170 [info ] [MainThread]:   retries: 1
[0m12:41:09.395344 [info ] [MainThread]: Registered adapter: postgres=1.9.1
[0m12:41:09.753734 [debug] [MainThread]: Acquiring new postgres connection 'debug'
[0m12:41:09.844218 [debug] [MainThread]: Using postgres connection "debug"
[0m12:41:09.848876 [debug] [MainThread]: On debug: select 1 as id
[0m12:41:09.852325 [debug] [MainThread]: Opening a new connection, currently in state init
[0m12:41:09.856942 [debug] [MainThread]: Postgres adapter: Got a retryable error when attempting to open a postgres connection.
1 attempts remaining. Retrying in 0 seconds.
Error:
could not translate host name "database" to address: Name or service not known

[0m12:41:09.861223 [debug] [MainThread]: Postgres adapter: Error running SQL: select 1 as id
[0m12:41:09.864898 [debug] [MainThread]: Postgres adapter: Rolling back transaction.
[0m12:41:09.868439 [debug] [MainThread]: On debug: No close available on handle
[0m12:41:09.871881 [info ] [MainThread]:   Connection test: [[31mERROR[0m]

[0m12:41:09.875257 [info ] [MainThread]: [31m1 check failed:[0m
[0m12:41:09.880807 [info ] [MainThread]: dbt was unable to connect to the specified database.
The database returned the following error:

  >Database Error
  could not translate host name "database" to address: Name or service not known
  

Check your database credentials and try again. For more information, visit:
https://docs.getdbt.com/docs/configure-your-profile


[0m12:41:09.891082 [debug] [MainThread]: Resource report: {"command_name": "debug", "command_success": false, "command_wall_clock_time": 1.6743155, "process_in_blocks": "63528", "process_kernel_time": 0.981435, "process_mem_max_rss": "106764", "process_out_blocks": "16", "process_user_time": 5.099458}
[0m12:41:09.895036 [debug] [MainThread]: Command `dbt debug` failed at 12:41:09.894638 after 1.68 seconds
[0m12:41:09.898262 [debug] [MainThread]: Connection 'debug' was properly closed.
[0m12:41:09.901745 [debug] [MainThread]: Sending event: {'category': 'dbt', 'action': 'invocation', 'label': 'end', 'context': [<snowplow_tracker.self_describing_json.SelfDescribingJson object at 0x78ebc2c17f40>, <snowplow_tracker.self_describing_json.SelfDescribingJson object at 0x78ebc0acc2b0>, <snowplow_tracker.self_describing_json.SelfDescribingJson object at 0x78ebc1cf8670>]}
[0m12:41:09.906991 [debug] [MainThread]: Flushing usage events
[0m12:41:11.495106 [debug] [MainThread]: An error was encountered while trying to flush usage events
[0m12:48:44.808578 [debug] [MainThread]: Sending event: {'category': 'dbt', 'action': 'invocation', 'label': 'start', 'context': [<snowplow_tracker.self_describing_json.SelfDescribingJson object at 0x71b21611bf40>, <snowplow_tracker.self_describing_json.SelfDescribingJson object at 0x71b21508a4c0>, <snowplow_tracker.self_describing_json.SelfDescribingJson object at 0x71b21508abe0>]}


============================== 12:48:44.820884 | acb8a0a0-7caa-4ead-b23c-d91e844ffa3e ==============================
[0m12:48:44.820884 [info ] [MainThread]: Running with dbt=1.10.15
[0m12:48:44.825117 [debug] [MainThread]: running dbt with arguments {'debug': 'False', 'printer_width': '80', 'fail_fast': 'False', 'target_path': 'None', 'static_parser': 'True', 'empty': 'None', 'use_experimental_parser': 'False', 'invocation_command': 'dbt debug', 'cache_selected_only': 'False', 'warn_error': 'None', 'log_format': 'default', 'indirect_selection': 'eager', 'introspect': 'True', 'log_path': '/dbt/logs', 'warn_error_options': 'WarnErrorOptionsV2(error=[], warn=[], silence=[])', 'profiles_dir': '/dbt', 'write_json': 'True', 'send_anonymous_usage_stats': 'True', 'log_cache_events': 'False', 'use_colors': 'True', 'version_check': 'True', 'no_print': 'None', 'partial_parse': 'True', 'quiet': 'False'}
[0m12:48:44.858007 [info ] [MainThread]: dbt version: 1.10.15
[0m12:48:44.861396 [info ] [MainThread]: python version: 3.9.25
[0m12:48:44.866104 [info ] [MainThread]: python path: /usr/local/bin/python3.9
[0m12:48:44.870719 [info ] [MainThread]: os info: Linux-6.6.87.2-microsoft-standard-WSL2-x86_64-with-glibc2.41
[0m12:48:45.114738 [info ] [MainThread]: Using profiles dir at /dbt
[0m12:48:45.119714 [info ] [MainThread]: Using profiles.yml file at /dbt/profiles.yml
[0m12:48:45.124452 [info ] [MainThread]: Using dbt_project.yml file at /dbt/dbt_project.yml
[0m12:48:45.129722 [info ] [MainThread]: adapter type: postgres
[0m12:48:45.133971 [info ] [MainThread]: adapter version: 1.9.1
[0m12:48:45.468913 [info ] [MainThread]: Configuration:
[0m12:48:45.471576 [info ] [MainThread]:   profiles.yml file [[32mOK found and valid[0m]
[0m12:48:45.474349 [info ] [MainThread]:   dbt_project.yml file [[32mOK found and valid[0m]
[0m12:48:45.477559 [info ] [MainThread]: Required dependencies:
[0m12:48:45.481326 [debug] [MainThread]: Executing "git --help"
[0m12:48:45.495965 [debug] [MainThread]: STDOUT: "b"usage: git [-v | --version] [-h | --help] [-C <path>] [-c <name>=<value>]\n           [--exec-path[=<path>]] [--html-path] [--man-path] [--info-path]\n           [-p | --paginate | -P | --no-pager] [--no-replace-objects] [--no-lazy-fetch]\n           [--no-optional-locks] [--no-advice] [--bare] [--git-dir=<path>]\n           [--work-tree=<path>] [--namespace=<name>] [--config-env=<name>=<envvar>]\n           <command> [<args>]\n\nThese are common Git commands used in various situations:\n\nstart a working area (see also: git help tutorial)\n   clone     Clone a repository into a new directory\n   init      Create an empty Git repository or reinitialize an existing one\n\nwork on the current change (see also: git help everyday)\n   add       Add file contents to the index\n   mv        Move or rename a file, a directory, or a symlink\n   restore   Restore working tree files\n   rm        Remove files from the working tree and from the index\n\nexamine the history and state (see also: git help revisions)\n   bisect    Use binary search to find the commit that introduced a bug\n   diff      Show changes between commits, commit and working tree, etc\n   grep      Print lines matching a pattern\n   log       Show commit logs\n   show      Show various types of objects\n   status    Show the working tree status\n\ngrow, mark and tweak your common history\n   branch    List, create, or delete branches\n   commit    Record changes to the repository\n   merge     Join two or more development histories together\n   rebase    Reapply commits on top of another base tip\n   reset     Reset current HEAD to the specified state\n   switch    Switch branches\n   tag       Create, list, delete or verify a tag object signed with GPG\n\ncollaborate (see also: git help workflows)\n   fetch     Download objects and refs from another repository\n   pull      Fetch from and integrate with another repository or a local branch\n   push      Update remote refs along with associated objects\n\n'git help -a' and 'git help -g' list available subcommands and some\nconcept guides. See 'git help <command>' or 'git help <concept>'\nto read about a specific subcommand or concept.\nSee 'git help git' for an overview of the system.\n""
[0m12:48:45.500933 [debug] [MainThread]: STDERR: "b''"
[0m12:48:45.504060 [info ] [MainThread]:  - git [[32mOK found[0m]

[0m12:48:45.506862 [info ] [MainThread]: Connection:
[0m12:48:45.509629 [info ] [MainThread]:   host: database
[0m12:48:45.512457 [info ] [MainThread]:   port: 5432
[0m12:48:45.515964 [info ] [MainThread]:   user: postgres
[0m12:48:45.519294 [info ] [MainThread]:   database: postgres
[0m12:48:45.522401 [info ] [MainThread]:   schema: public
[0m12:48:45.524940 [info ] [MainThread]:   connect_timeout: 10
[0m12:48:45.527639 [info ] [MainThread]:   role: postgres
[0m12:48:45.531148 [info ] [MainThread]:   search_path: None
[0m12:48:45.534961 [info ] [MainThread]:   keepalives_idle: 0
[0m12:48:45.538135 [info ] [MainThread]:   sslmode: None
[0m12:48:45.541021 [info ] [MainThread]:   sslcert: None
[0m12:48:45.543781 [info ] [MainThread]:   sslkey: None
[0m12:48:45.547002 [info ] [MainThread]:   sslrootcert: None
[0m12:48:45.551009 [info ] [MainThread]:   application_name: dbt
[0m12:48:45.553824 [info ] [MainThread]:   retries: 1
[0m12:48:45.557048 [info ] [MainThread]: Registered adapter: postgres=1.9.1
[0m12:48:45.733856 [debug] [MainThread]: Acquiring new postgres connection 'debug'
[0m12:48:45.790304 [debug] [MainThread]: Using postgres connection "debug"
[0m12:48:45.793048 [debug] [MainThread]: On debug: select 1 as id
[0m12:48:45.795582 [debug] [MainThread]: Opening a new connection, currently in state init
[0m12:48:45.798891 [debug] [MainThread]: Postgres adapter: Got a retryable error when attempting to open a postgres connection.
1 attempts remaining. Retrying in 0 seconds.
Error:
could not translate host name "database" to address: Name or service not known

[0m12:48:45.802267 [debug] [MainThread]: Postgres adapter: Error running SQL: select 1 as id
[0m12:48:45.805011 [debug] [MainThread]: Postgres adapter: Rolling back transaction.
[0m12:48:45.808507 [debug] [MainThread]: On debug: No close available on handle
[0m12:48:45.811681 [info ] [MainThread]:   Connection test: [[31mERROR[0m]

[0m12:48:45.814851 [info ] [MainThread]: [31m1 check failed:[0m
[0m12:48:45.819151 [info ] [MainThread]: dbt was unable to connect to the specified database.
The database returned the following error:

  >Database Error
  could not translate host name "database" to address: Name or service not known
  

Check your database credentials and try again. For more information, visit:
https://docs.getdbt.com/docs/configure-your-profile


[0m12:48:45.825693 [debug] [MainThread]: Resource report: {"command_name": "debug", "command_success": false, "command_wall_clock_time": 1.2667152, "process_in_blocks": "56", "process_kernel_time": 0.325541, "process_mem_max_rss": "106792", "process_out_blocks": "0", "process_user_time": 4.111464}
[0m12:48:45.830288 [debug] [MainThread]: Command `dbt debug` failed at 12:48:45.829654 after 1.27 seconds
[0m12:48:45.834221 [debug] [MainThread]: Connection 'debug' was properly closed.
[0m12:48:45.837257 [debug] [MainThread]: Sending event: {'category': 'dbt', 'action': 'invocation', 'label': 'end', 'context': [<snowplow_tracker.self_describing_json.SelfDescribingJson object at 0x71b21611bf40>, <snowplow_tracker.self_describing_json.SelfDescribingJson object at 0x71b213fcc2b0>, <snowplow_tracker.self_describing_json.SelfDescribingJson object at 0x71b2151fa670>]}
[0m12:48:45.840460 [debug] [MainThread]: Flushing usage events
[0m12:48:47.074477 [debug] [MainThread]: An error was encountered while trying to flush usage events
[0m13:00:06.783730 [debug] [MainThread]: Sending event: {'category': 'dbt', 'action': 'invocation', 'label': 'start', 'context': [<snowplow_tracker.self_describing_json.SelfDescribingJson object at 0x79d1b47ebf10>, <snowplow_tracker.self_describing_json.SelfDescribingJson object at 0x79d1b4548c10>, <snowplow_tracker.self_describing_json.SelfDescribingJson object at 0x79d1b37b32e0>]}


============================== 13:00:06.795962 | 7c3e614c-3daa-406f-96be-b6a9eb9bcd15 ==============================
[0m13:00:06.795962 [info ] [MainThread]: Running with dbt=1.10.15
[0m13:00:06.800357 [debug] [MainThread]: running dbt with arguments {'static_parser': 'True', 'write_json': 'True', 'target_path': 'None', 'version_check': 'True', 'use_experimental_parser': 'False', 'empty': 'None', 'use_colors': 'True', 'no_print': 'None', 'log_format': 'default', 'log_cache_events': 'False', 'log_path': '/dbt/logs', 'fail_fast': 'False', 'warn_error_options': 'WarnErrorOptionsV2(error=[], warn=[], silence=[])', 'introspect': 'True', 'profiles_dir': '/dbt', 'indirect_selection': 'eager', 'send_anonymous_usage_stats': 'True', 'quiet': 'False', 'partial_parse': 'True', 'debug': 'False', 'warn_error': 'None', 'cache_selected_only': 'False', 'printer_width': '80', 'invocation_command': 'dbt debug'}
[0m13:00:06.837231 [info ] [MainThread]: dbt version: 1.10.15
[0m13:00:06.840994 [info ] [MainThread]: python version: 3.9.25
[0m13:00:06.845816 [info ] [MainThread]: python path: /usr/local/bin/python3.9
[0m13:00:06.850222 [info ] [MainThread]: os info: Linux-6.6.87.2-microsoft-standard-WSL2-x86_64-with-glibc2.41
[0m13:00:07.037806 [info ] [MainThread]: Using profiles dir at /dbt
[0m13:00:07.040425 [info ] [MainThread]: Using profiles.yml file at /dbt/profiles.yml
[0m13:00:07.043044 [info ] [MainThread]: Using dbt_project.yml file at /dbt/dbt_project.yml
[0m13:00:07.046308 [info ] [MainThread]: adapter type: postgres
[0m13:00:07.049570 [info ] [MainThread]: adapter version: 1.9.1
[0m13:00:07.342275 [info ] [MainThread]: Configuration:
[0m13:00:07.345106 [info ] [MainThread]:   profiles.yml file [[32mOK found and valid[0m]
[0m13:00:07.348547 [info ] [MainThread]:   dbt_project.yml file [[32mOK found and valid[0m]
[0m13:00:07.351396 [info ] [MainThread]: Required dependencies:
[0m13:00:07.355255 [debug] [MainThread]: Executing "git --help"
[0m13:00:07.369736 [debug] [MainThread]: STDOUT: "b"usage: git [-v | --version] [-h | --help] [-C <path>] [-c <name>=<value>]\n           [--exec-path[=<path>]] [--html-path] [--man-path] [--info-path]\n           [-p | --paginate | -P | --no-pager] [--no-replace-objects] [--no-lazy-fetch]\n           [--no-optional-locks] [--no-advice] [--bare] [--git-dir=<path>]\n           [--work-tree=<path>] [--namespace=<name>] [--config-env=<name>=<envvar>]\n           <command> [<args>]\n\nThese are common Git commands used in various situations:\n\nstart a working area (see also: git help tutorial)\n   clone     Clone a repository into a new directory\n   init      Create an empty Git repository or reinitialize an existing one\n\nwork on the current change (see also: git help everyday)\n   add       Add file contents to the index\n   mv        Move or rename a file, a directory, or a symlink\n   restore   Restore working tree files\n   rm        Remove files from the working tree and from the index\n\nexamine the history and state (see also: git help revisions)\n   bisect    Use binary search to find the commit that introduced a bug\n   diff      Show changes between commits, commit and working tree, etc\n   grep      Print lines matching a pattern\n   log       Show commit logs\n   show      Show various types of objects\n   status    Show the working tree status\n\ngrow, mark and tweak your common history\n   branch    List, create, or delete branches\n   commit    Record changes to the repository\n   merge     Join two or more development histories together\n   rebase    Reapply commits on top of another base tip\n   reset     Reset current HEAD to the specified state\n   switch    Switch branches\n   tag       Create, list, delete or verify a tag object signed with GPG\n\ncollaborate (see also: git help workflows)\n   fetch     Download objects and refs from another repository\n   pull      Fetch from and integrate with another repository or a local branch\n   push      Update remote refs along with associated objects\n\n'git help -a' and 'git help -g' list available subcommands and some\nconcept guides. See 'git help <command>' or 'git help <concept>'\nto read about a specific subcommand or concept.\nSee 'git help git' for an overview of the system.\n""
[0m13:00:07.373634 [debug] [MainThread]: STDERR: "b''"
[0m13:00:07.376495 [info ] [MainThread]:  - git [[32mOK found[0m]

[0m13:00:07.379103 [info ] [MainThread]: Connection:
[0m13:00:07.381731 [info ] [MainThread]:   host: database
[0m13:00:07.384066 [info ] [MainThread]:   port: 5432
[0m13:00:07.387399 [info ] [MainThread]:   user: postgres
[0m13:00:07.390882 [info ] [MainThread]:   database: postgres
[0m13:00:07.394075 [info ] [MainThread]:   schema: public
[0m13:00:07.396599 [info ] [MainThread]:   connect_timeout: 10
[0m13:00:07.399507 [info ] [MainThread]:   role: postgres
[0m13:00:07.402358 [info ] [MainThread]:   search_path: None
[0m13:00:07.405940 [info ] [MainThread]:   keepalives_idle: 0
[0m13:00:07.410218 [info ] [MainThread]:   sslmode: None
[0m13:00:07.413924 [info ] [MainThread]:   sslcert: None
[0m13:00:07.416776 [info ] [MainThread]:   sslkey: None
[0m13:00:07.419884 [info ] [MainThread]:   sslrootcert: None
[0m13:00:07.423935 [info ] [MainThread]:   application_name: dbt
[0m13:00:07.427190 [info ] [MainThread]:   retries: 1
[0m13:00:07.431030 [info ] [MainThread]: Registered adapter: postgres=1.9.1
[0m13:00:07.618768 [debug] [MainThread]: Acquiring new postgres connection 'debug'
[0m13:00:07.668637 [debug] [MainThread]: Using postgres connection "debug"
[0m13:00:07.671510 [debug] [MainThread]: On debug: select 1 as id
[0m13:00:07.673936 [debug] [MainThread]: Opening a new connection, currently in state init
[0m13:00:07.723654 [debug] [MainThread]: SQL status: SELECT 1 in 0.050 seconds
[0m13:00:07.728821 [debug] [MainThread]: On debug: Close
[0m13:00:07.731930 [info ] [MainThread]:   Connection test: [[32mOK connection ok[0m]

[0m13:00:07.734909 [info ] [MainThread]: [32mAll checks passed![0m
[0m13:00:07.741145 [debug] [MainThread]: Resource report: {"command_name": "debug", "command_success": true, "command_wall_clock_time": 1.1637161, "process_in_blocks": "5424", "process_kernel_time": 0.356642, "process_mem_max_rss": "110208", "process_out_blocks": "0", "process_user_time": 3.590465}
[0m13:00:07.745564 [debug] [MainThread]: Command `dbt debug` succeeded at 13:00:07.745049 after 1.17 seconds
[0m13:00:07.749411 [debug] [MainThread]: Connection 'debug' was properly closed.
[0m13:00:07.752623 [debug] [MainThread]: Sending event: {'category': 'dbt', 'action': 'invocation', 'label': 'end', 'context': [<snowplow_tracker.self_describing_json.SelfDescribingJson object at 0x79d1b47ebf10>, <snowplow_tracker.self_describing_json.SelfDescribingJson object at 0x79d1b299dca0>, <snowplow_tracker.self_describing_json.SelfDescribingJson object at 0x79d1b2d34580>]}
[0m13:00:07.755660 [debug] [MainThread]: Flushing usage events
[0m13:00:09.279869 [debug] [MainThread]: An error was encountered while trying to flush usage events
[0m13:00:21.122158 [debug] [MainThread]: Sending event: {'category': 'dbt', 'action': 'invocation', 'label': 'start', 'context': [<snowplow_tracker.self_describing_json.SelfDescribingJson object at 0x73c45e151fa0>, <snowplow_tracker.self_describing_json.SelfDescribingJson object at 0x73c45df17dc0>, <snowplow_tracker.self_describing_json.SelfDescribingJson object at 0x73c45d065070>]}


============================== 13:00:21.138643 | 8728c398-64b3-47b7-9ded-83d6a3d051ca ==============================
[0m13:00:21.138643 [info ] [MainThread]: Running with dbt=1.10.15
[0m13:00:21.142377 [debug] [MainThread]: running dbt with arguments {'warn_error_options': 'WarnErrorOptionsV2(error=[], warn=[], silence=[])', 'static_parser': 'True', 'indirect_selection': 'eager', 'write_json': 'True', 'log_path': '/dbt/logs', 'debug': 'False', 'target_path': 'None', 'use_experimental_parser': 'False', 'printer_width': '80', 'send_anonymous_usage_stats': 'True', 'partial_parse': 'True', 'empty': 'None', 'log_format': 'default', 'profiles_dir': '/dbt', 'use_colors': 'True', 'introspect': 'True', 'warn_error': 'None', 'invocation_command': 'dbt seed', 'log_cache_events': 'False', 'fail_fast': 'False', 'cache_selected_only': 'False', 'no_print': 'None', 'version_check': 'True', 'quiet': 'False'}
[0m13:00:21.841533 [debug] [MainThread]: Sending event: {'category': 'dbt', 'action': 'project_id', 'label': '8728c398-64b3-47b7-9ded-83d6a3d051ca', 'context': [<snowplow_tracker.self_describing_json.SelfDescribingJson object at 0x73c45f91b280>]}
[0m13:00:22.069701 [debug] [MainThread]: Sending event: {'category': 'dbt', 'action': 'adapter_info', 'label': '8728c398-64b3-47b7-9ded-83d6a3d051ca', 'context': [<snowplow_tracker.self_describing_json.SelfDescribingJson object at 0x73c45d9543a0>]}
[0m13:00:22.073577 [info ] [MainThread]: Registered adapter: postgres=1.9.1
[0m13:00:22.763026 [debug] [MainThread]: checksum: 14a228079bd6df63ba81633f9a3cf44ecfaa31056ac397c602753ec895dbf885, vars: {}, profile: , target: , version: 1.10.15
[0m13:00:23.552625 [info ] [MainThread]: Unable to do partial parsing because profile has changed
[0m13:00:23.556708 [debug] [MainThread]: Sending event: {'category': 'dbt', 'action': 'partial_parser', 'label': '8728c398-64b3-47b7-9ded-83d6a3d051ca', 'context': [<snowplow_tracker.self_describing_json.SelfDescribingJson object at 0x73c45dfc3460>]}
[0m13:00:40.008492 [warn ] [MainThread]: [[33mWARNING[0m][MissingArgumentsPropertyInGenericTestDeprecation]: Deprecated
functionality
Found top-level arguments to test `accepted_values`. Arguments to generic tests
should be nested under the `arguments` property.`
[0m13:00:40.010988 [debug] [MainThread]: Sending event: {'category': 'dbt', 'action': 'deprecation', 'label': '8728c398-64b3-47b7-9ded-83d6a3d051ca', 'property_': 'warn', 'context': [<snowplow_tracker.self_describing_json.SelfDescribingJson object at 0x73c45abc28b0>]}
[0m13:00:41.439388 [warn ] [MainThread]: The configured adapter does not support metadata-based freshness. A loaded_at_field must be specified for source 'ecom.raw_customers'.
[0m13:00:41.454904 [warn ] [MainThread]: The configured adapter does not support metadata-based freshness. A loaded_at_field must be specified for source 'ecom.raw_items'.
[0m13:00:41.462920 [warn ] [MainThread]: The configured adapter does not support metadata-based freshness. A loaded_at_field must be specified for source 'ecom.raw_products'.
[0m13:00:41.467910 [warn ] [MainThread]: The configured adapter does not support metadata-based freshness. A loaded_at_field must be specified for source 'ecom.raw_supplies'.
[0m13:00:41.880037 [warn ] [MainThread]: [[33mWARNING[0m]: Time spines without YAML configuration are in the process of
deprecation. Please add YAML configuration for your 'metricflow_time_spine'
model. See documentation on MetricFlow time spines:
https://docs.getdbt.com/docs/build/metricflow-time-spine and behavior change
documentation:
https://docs.getdbt.com/reference/global-configs/behavior-changes.
[0m13:00:41.883326 [debug] [MainThread]: Sending event: {'category': 'dbt', 'action': 'deprecation', 'label': '8728c398-64b3-47b7-9ded-83d6a3d051ca', 'property_': 'warn', 'context': [<snowplow_tracker.self_describing_json.SelfDescribingJson object at 0x73c45d3bdac0>]}
[0m13:00:42.377894 [debug] [MainThread]: Sending event: {'category': 'dbt', 'action': 'load_project', 'label': '8728c398-64b3-47b7-9ded-83d6a3d051ca', 'context': [<snowplow_tracker.self_describing_json.SelfDescribingJson object at 0x73c45ab125b0>]}
[0m13:00:43.346220 [debug] [MainThread]: Wrote artifact WritableManifest to /dbt/target/manifest.json
[0m13:00:43.400861 [debug] [MainThread]: Wrote artifact SemanticManifest to /dbt/target/semantic_manifest.json
[0m13:00:43.509829 [debug] [MainThread]: Sending event: {'category': 'dbt', 'action': 'resource_counts', 'label': '8728c398-64b3-47b7-9ded-83d6a3d051ca', 'context': [<snowplow_tracker.self_describing_json.SelfDescribingJson object at 0x73c45bb899a0>]}
[0m13:00:43.514390 [info ] [MainThread]: Found 13 models, 6 seeds, 27 data tests, 6 sources, 19 metrics, 746 macros, 6 semantic models, 3 saved queries, 3 unit tests
[0m13:00:43.518936 [debug] [MainThread]: Sending event: {'category': 'dbt', 'action': 'runnable_timing', 'label': '8728c398-64b3-47b7-9ded-83d6a3d051ca', 'context': [<snowplow_tracker.self_describing_json.SelfDescribingJson object at 0x73c45afe1c10>]}
[0m13:00:43.534862 [info ] [MainThread]: 
[0m13:00:43.539362 [info ] [MainThread]: Concurrency: 1 threads (target='dev')
[0m13:00:43.544603 [info ] [MainThread]: 
[0m13:00:43.550876 [debug] [MainThread]: Acquiring new postgres connection 'master'
[0m13:00:43.570549 [debug] [ThreadPool]: Acquiring new postgres connection 'list_postgres'
[0m13:00:43.668069 [debug] [ThreadPool]: Using postgres connection "list_postgres"
[0m13:00:43.671574 [debug] [ThreadPool]: On list_postgres: /* {"app": "dbt", "dbt_version": "1.10.15", "profile_name": "default", "target_name": "dev", "connection_name": "list_postgres"} */

    select distinct nspname from pg_namespace
  
[0m13:00:43.674736 [debug] [ThreadPool]: Opening a new connection, currently in state init
[0m13:00:43.693606 [debug] [ThreadPool]: SQL status: SELECT 4 in 0.019 seconds
[0m13:00:43.700510 [debug] [ThreadPool]: On list_postgres: Close
[0m13:00:43.706173 [debug] [ThreadPool]: Re-using an available connection from the pool (formerly list_postgres, now create_postgres_raw)
[0m13:00:43.711349 [debug] [ThreadPool]: Creating schema "database: "postgres"
schema: "raw"
"
[0m13:00:43.736926 [debug] [ThreadPool]: Using postgres connection "create_postgres_raw"
[0m13:00:43.740875 [debug] [ThreadPool]: On create_postgres_raw: BEGIN
[0m13:00:43.744681 [debug] [ThreadPool]: Opening a new connection, currently in state closed
[0m13:00:43.761119 [debug] [ThreadPool]: SQL status: BEGIN in 0.016 seconds
[0m13:00:43.765177 [debug] [ThreadPool]: Using postgres connection "create_postgres_raw"
[0m13:00:43.769009 [debug] [ThreadPool]: On create_postgres_raw: /* {"app": "dbt", "dbt_version": "1.10.15", "profile_name": "default", "target_name": "dev", "connection_name": "create_postgres_raw"} */
create schema if not exists "raw"
[0m13:00:43.774901 [debug] [ThreadPool]: SQL status: CREATE SCHEMA in 0.002 seconds
[0m13:00:43.781598 [debug] [ThreadPool]: On create_postgres_raw: COMMIT
[0m13:00:43.785889 [debug] [ThreadPool]: Using postgres connection "create_postgres_raw"
[0m13:00:43.789706 [debug] [ThreadPool]: On create_postgres_raw: COMMIT
[0m13:00:43.797412 [debug] [ThreadPool]: SQL status: COMMIT in 0.004 seconds
[0m13:00:43.801046 [debug] [ThreadPool]: On create_postgres_raw: Close
[0m13:00:43.813488 [debug] [ThreadPool]: Re-using an available connection from the pool (formerly create_postgres_raw, now list_postgres_public)
[0m13:00:43.836928 [debug] [ThreadPool]: Using postgres connection "list_postgres_public"
[0m13:00:43.840743 [debug] [ThreadPool]: On list_postgres_public: BEGIN
[0m13:00:43.846718 [debug] [ThreadPool]: Opening a new connection, currently in state closed
[0m13:00:43.858680 [debug] [ThreadPool]: SQL status: BEGIN in 0.012 seconds
[0m13:00:43.862009 [debug] [ThreadPool]: Using postgres connection "list_postgres_public"
[0m13:00:43.865452 [debug] [ThreadPool]: On list_postgres_public: /* {"app": "dbt", "dbt_version": "1.10.15", "profile_name": "default", "target_name": "dev", "connection_name": "list_postgres_public"} */
select
      'postgres' as database,
      tablename as name,
      schemaname as schema,
      'table' as type
    from pg_tables
    where schemaname ilike 'public'
    union all
    select
      'postgres' as database,
      viewname as name,
      schemaname as schema,
      'view' as type
    from pg_views
    where schemaname ilike 'public'
    union all
    select
      'postgres' as database,
      matviewname as name,
      schemaname as schema,
      'materialized_view' as type
    from pg_matviews
    where schemaname ilike 'public'
  
[0m13:00:43.876262 [debug] [ThreadPool]: SQL status: SELECT 0 in 0.008 seconds
[0m13:00:43.883070 [debug] [ThreadPool]: On list_postgres_public: ROLLBACK
[0m13:00:43.887475 [debug] [ThreadPool]: On list_postgres_public: Close
[0m13:00:43.892026 [debug] [ThreadPool]: Re-using an available connection from the pool (formerly list_postgres_public, now list_postgres_raw)
[0m13:00:43.905821 [debug] [ThreadPool]: Using postgres connection "list_postgres_raw"
[0m13:00:43.909369 [debug] [ThreadPool]: On list_postgres_raw: BEGIN
[0m13:00:43.930979 [debug] [ThreadPool]: Opening a new connection, currently in state closed
[0m13:00:43.954080 [debug] [ThreadPool]: SQL status: BEGIN in 0.023 seconds
[0m13:00:43.964852 [debug] [ThreadPool]: Using postgres connection "list_postgres_raw"
[0m13:00:43.968991 [debug] [ThreadPool]: On list_postgres_raw: /* {"app": "dbt", "dbt_version": "1.10.15", "profile_name": "default", "target_name": "dev", "connection_name": "list_postgres_raw"} */
select
      'postgres' as database,
      tablename as name,
      schemaname as schema,
      'table' as type
    from pg_tables
    where schemaname ilike 'raw'
    union all
    select
      'postgres' as database,
      viewname as name,
      schemaname as schema,
      'view' as type
    from pg_views
    where schemaname ilike 'raw'
    union all
    select
      'postgres' as database,
      matviewname as name,
      schemaname as schema,
      'materialized_view' as type
    from pg_matviews
    where schemaname ilike 'raw'
  
[0m13:00:43.994856 [debug] [ThreadPool]: SQL status: SELECT 0 in 0.022 seconds
[0m13:00:44.002069 [debug] [ThreadPool]: On list_postgres_raw: ROLLBACK
[0m13:00:44.009960 [debug] [ThreadPool]: On list_postgres_raw: Close
[0m13:00:44.037184 [debug] [MainThread]: Using postgres connection "master"
[0m13:00:44.040064 [debug] [MainThread]: On master: BEGIN
[0m13:00:44.043466 [debug] [MainThread]: Opening a new connection, currently in state init
[0m13:00:44.066604 [debug] [MainThread]: SQL status: BEGIN in 0.023 seconds
[0m13:00:44.069486 [debug] [MainThread]: Using postgres connection "master"
[0m13:00:44.072296 [debug] [MainThread]: On master: /* {"app": "dbt", "dbt_version": "1.10.15", "profile_name": "default", "target_name": "dev", "connection_name": "master"} */
select distinct
        dependent_namespace.nspname as dependent_schema,
        dependent_class.relname as dependent_name,
        referenced_namespace.nspname as referenced_schema,
        referenced_class.relname as referenced_name

    -- Query for views: views are entries in pg_class with an entry in pg_rewrite, but we avoid
    -- a seq scan on pg_rewrite by leveraging the fact there is an "internal" row in pg_depend for
    -- the view...
    from pg_class as dependent_class
    join pg_namespace as dependent_namespace on dependent_namespace.oid = dependent_class.relnamespace
    join pg_depend as dependent_depend on dependent_depend.refobjid = dependent_class.oid
        and dependent_depend.classid = 'pg_rewrite'::regclass
        and dependent_depend.refclassid = 'pg_class'::regclass
        and dependent_depend.deptype = 'i'

    -- ... and via pg_depend (that has a row per column, hence the need for "distinct" above, and
    -- making sure to exclude the internal row to avoid a view appearing to depend on itself)...
    join pg_depend as joining_depend on joining_depend.objid = dependent_depend.objid
        and joining_depend.classid = 'pg_rewrite'::regclass
        and joining_depend.refclassid = 'pg_class'::regclass
        and joining_depend.refobjid != dependent_depend.refobjid

    -- ... we can find the tables they query from in pg_class, but excluding system tables. Note we
    -- don't need need to exclude _dependent_ system tables, because they only query from other
    -- system tables, and so are automatically excluded by excluding _referenced_ system tables
    join pg_class as referenced_class on referenced_class.oid = joining_depend.refobjid
    join pg_namespace as referenced_namespace on referenced_namespace.oid = referenced_class.relnamespace
        and referenced_namespace.nspname != 'information_schema'
        and referenced_namespace.nspname not like 'pg\_%'

    order by
        dependent_schema, dependent_name, referenced_schema, referenced_name;
[0m13:00:44.106943 [debug] [MainThread]: SQL status: SELECT 0 in 0.031 seconds
[0m13:00:44.113981 [debug] [MainThread]: Sending event: {'category': 'dbt', 'action': 'runnable_timing', 'label': '8728c398-64b3-47b7-9ded-83d6a3d051ca', 'context': [<snowplow_tracker.self_describing_json.SelfDescribingJson object at 0x73c45afee790>]}
[0m13:00:44.117497 [debug] [MainThread]: On master: ROLLBACK
[0m13:00:44.121007 [debug] [MainThread]: Using postgres connection "master"
[0m13:00:44.124815 [debug] [MainThread]: On master: BEGIN
[0m13:00:44.129524 [debug] [MainThread]: SQL status: BEGIN in 0.001 seconds
[0m13:00:44.132614 [debug] [MainThread]: On master: COMMIT
[0m13:00:44.135100 [debug] [MainThread]: Using postgres connection "master"
[0m13:00:44.137656 [debug] [MainThread]: On master: COMMIT
[0m13:00:44.140811 [debug] [MainThread]: SQL status: COMMIT in 0.000 seconds
[0m13:00:44.143955 [debug] [MainThread]: On master: Close
[0m13:00:44.160925 [debug] [Thread-1  ]: Began running node seed.jaffle_shop.raw_customers
[0m13:00:44.163875 [info ] [Thread-1  ]: 1 of 6 START seed file raw.raw_customers ....................................... [RUN]
[0m13:00:44.167068 [debug] [Thread-1  ]: Re-using an available connection from the pool (formerly list_postgres_raw, now seed.jaffle_shop.raw_customers)
[0m13:00:44.170670 [debug] [Thread-1  ]: Began compiling node seed.jaffle_shop.raw_customers
[0m13:00:44.175908 [debug] [Thread-1  ]: Began executing node seed.jaffle_shop.raw_customers
[0m13:00:44.306395 [debug] [Thread-1  ]: Using postgres connection "seed.jaffle_shop.raw_customers"
[0m13:00:44.309441 [debug] [Thread-1  ]: On seed.jaffle_shop.raw_customers: BEGIN
[0m13:00:44.312941 [debug] [Thread-1  ]: Opening a new connection, currently in state closed
[0m13:00:44.323606 [debug] [Thread-1  ]: SQL status: BEGIN in 0.011 seconds
[0m13:00:44.326546 [debug] [Thread-1  ]: Using postgres connection "seed.jaffle_shop.raw_customers"
[0m13:00:44.329916 [debug] [Thread-1  ]: On seed.jaffle_shop.raw_customers: /* {"app": "dbt", "dbt_version": "1.10.15", "profile_name": "default", "target_name": "dev", "node_id": "seed.jaffle_shop.raw_customers"} */

    create table "postgres"."raw"."raw_customers" ("id" text,"name" text)
  
[0m13:00:44.346059 [debug] [Thread-1  ]: SQL status: CREATE TABLE in 0.013 seconds
[0m13:00:45.206970 [debug] [Thread-1  ]: Using postgres connection "seed.jaffle_shop.raw_customers"
[0m13:00:45.210451 [debug] [Thread-1  ]: On seed.jaffle_shop.raw_customers: 
          insert into "postgres"."raw"."raw_customers" ("id", "name") values
          (%s,%s),(%s,%s),(%s,%s),(%s,%s),(%s,%s),(%s,%s),(%s,%s),(%s,%s),(%s,%s),(%s,%s),(%s,%s),(%s,%s),(%s,%s),(%s,%s),(%s,%s),(%s,%s),(%s,%s),(%s,%s),(%s,%s),(%s,%s),(%s,%s),(%s,%s),(%s,%s),(%s,%s),(%s,%s),(%s,%s),(%s,%s),(%s,%s),(%s,%s),(%s,%s),(%s,%s),(%s,%s),(%s,%s),(%s,%s),(%s,%s),(%s,%s),(%s,%s),(%s,%s),(%s,%s),(%s,%s),(%s,%s),(%s,%s),(%s,%s),(%s,%s),(%s,%s),(%s,%s),(%s,%s),(%s,%s),(%s,%s),(%s,%s),(%s,%s),(%s,%s),(%s,%s),...
[0m13:00:45.223516 [debug] [Thread-1  ]: SQL status: INSERT 0 935 in 0.010 seconds
[0m13:00:45.241799 [debug] [Thread-1  ]: Writing runtime SQL for node "seed.jaffle_shop.raw_customers"
[0m13:00:45.345997 [debug] [Thread-1  ]: On seed.jaffle_shop.raw_customers: COMMIT
[0m13:00:45.349460 [debug] [Thread-1  ]: Using postgres connection "seed.jaffle_shop.raw_customers"
[0m13:00:45.352648 [debug] [Thread-1  ]: On seed.jaffle_shop.raw_customers: COMMIT
[0m13:00:45.358642 [debug] [Thread-1  ]: SQL status: COMMIT in 0.003 seconds
[0m13:00:45.365759 [debug] [Thread-1  ]: On seed.jaffle_shop.raw_customers: Close
[0m13:00:45.373880 [debug] [Thread-1  ]: Sending event: {'category': 'dbt', 'action': 'run_model', 'label': '8728c398-64b3-47b7-9ded-83d6a3d051ca', 'context': [<snowplow_tracker.self_describing_json.SelfDescribingJson object at 0x73c45f8f63a0>]}
[0m13:00:45.377637 [info ] [Thread-1  ]: 1 of 6 OK loaded seed file raw.raw_customers ................................... [[32mINSERT 935[0m in 1.20s]
[0m13:00:45.381854 [debug] [Thread-1  ]: Finished running node seed.jaffle_shop.raw_customers
[0m13:00:45.386465 [debug] [Thread-1  ]: Began running node seed.jaffle_shop.raw_items
[0m13:00:45.391759 [info ] [Thread-1  ]: 2 of 6 START seed file raw.raw_items ........................................... [RUN]
[0m13:00:45.395873 [debug] [Thread-1  ]: Re-using an available connection from the pool (formerly seed.jaffle_shop.raw_customers, now seed.jaffle_shop.raw_items)
[0m13:00:45.399822 [debug] [Thread-1  ]: Began compiling node seed.jaffle_shop.raw_items
[0m13:00:45.403409 [debug] [Thread-1  ]: Began executing node seed.jaffle_shop.raw_items
[0m13:00:48.512149 [debug] [Thread-1  ]: Using postgres connection "seed.jaffle_shop.raw_items"
[0m13:00:48.516061 [debug] [Thread-1  ]: On seed.jaffle_shop.raw_items: BEGIN
[0m13:00:48.519996 [debug] [Thread-1  ]: Opening a new connection, currently in state closed
[0m13:00:48.534409 [debug] [Thread-1  ]: SQL status: BEGIN in 0.014 seconds
[0m13:00:48.538313 [debug] [Thread-1  ]: Using postgres connection "seed.jaffle_shop.raw_items"
[0m13:00:48.541927 [debug] [Thread-1  ]: On seed.jaffle_shop.raw_items: /* {"app": "dbt", "dbt_version": "1.10.15", "profile_name": "default", "target_name": "dev", "node_id": "seed.jaffle_shop.raw_items"} */

    create table "postgres"."raw"."raw_items" ("id" text,"order_id" text,"sku" text)
  
[0m13:00:48.555379 [debug] [Thread-1  ]: SQL status: CREATE TABLE in 0.010 seconds
[0m13:00:55.933923 [debug] [Thread-1  ]: Using postgres connection "seed.jaffle_shop.raw_items"
[0m13:00:55.936861 [debug] [Thread-1  ]: On seed.jaffle_shop.raw_items: 
          insert into "postgres"."raw"."raw_items" ("id", "order_id", "sku") values
          (%s,%s,%s),(%s,%s,%s),(%s,%s,%s),(%s,%s,%s),(%s,%s,%s),(%s,%s,%s),(%s,%s,%s),(%s,%s,%s),(%s,%s,%s),(%s,%s,%s),(%s,%s,%s),(%s,%s,%s),(%s,%s,%s),(%s,%s,%s),(%s,%s,%s),(%s,%s,%s),(%s,%s,%s),(%s,%s,%s),(%s,%s,%s),(%s,%s,%s),(%s,%s,%s),(%s,%s,%s),(%s,%s,%s),(%s,%s,%s),(%s,%s,%s),(%s,%s,%s),(%s,%s,%s),(%s,%s,%s),(%s,%s,%s),(%s,%s,%s),(%s,%s,%s),(%s,%s,%s),(%s,%s,%s),(%s,%s,%s),(%s,%s,%s),(%s,%s,%s),(%s,%s,%s),(%s,%s,%s)...
[0m13:00:56.106036 [debug] [Thread-1  ]: SQL status: INSERT 0 10000 in 0.166 seconds
[0m13:01:02.223151 [debug] [Thread-1  ]: Using postgres connection "seed.jaffle_shop.raw_items"
[0m13:01:02.227156 [debug] [Thread-1  ]: On seed.jaffle_shop.raw_items: 
          insert into "postgres"."raw"."raw_items" ("id", "order_id", "sku") values
          (%s,%s,%s),(%s,%s,%s),(%s,%s,%s),(%s,%s,%s),(%s,%s,%s),(%s,%s,%s),(%s,%s,%s),(%s,%s,%s),(%s,%s,%s),(%s,%s,%s),(%s,%s,%s),(%s,%s,%s),(%s,%s,%s),(%s,%s,%s),(%s,%s,%s),(%s,%s,%s),(%s,%s,%s),(%s,%s,%s),(%s,%s,%s),(%s,%s,%s),(%s,%s,%s),(%s,%s,%s),(%s,%s,%s),(%s,%s,%s),(%s,%s,%s),(%s,%s,%s),(%s,%s,%s),(%s,%s,%s),(%s,%s,%s),(%s,%s,%s),(%s,%s,%s),(%s,%s,%s),(%s,%s,%s),(%s,%s,%s),(%s,%s,%s),(%s,%s,%s),(%s,%s,%s),(%s,%s,%s)...
[0m13:01:02.340965 [debug] [Thread-1  ]: SQL status: INSERT 0 10000 in 0.110 seconds
[0m13:01:09.693956 [debug] [Thread-1  ]: Using postgres connection "seed.jaffle_shop.raw_items"
[0m13:01:09.696974 [debug] [Thread-1  ]: On seed.jaffle_shop.raw_items: 
          insert into "postgres"."raw"."raw_items" ("id", "order_id", "sku") values
          (%s,%s,%s),(%s,%s,%s),(%s,%s,%s),(%s,%s,%s),(%s,%s,%s),(%s,%s,%s),(%s,%s,%s),(%s,%s,%s),(%s,%s,%s),(%s,%s,%s),(%s,%s,%s),(%s,%s,%s),(%s,%s,%s),(%s,%s,%s),(%s,%s,%s),(%s,%s,%s),(%s,%s,%s),(%s,%s,%s),(%s,%s,%s),(%s,%s,%s),(%s,%s,%s),(%s,%s,%s),(%s,%s,%s),(%s,%s,%s),(%s,%s,%s),(%s,%s,%s),(%s,%s,%s),(%s,%s,%s),(%s,%s,%s),(%s,%s,%s),(%s,%s,%s),(%s,%s,%s),(%s,%s,%s),(%s,%s,%s),(%s,%s,%s),(%s,%s,%s),(%s,%s,%s),(%s,%s,%s)...
[0m13:01:09.823312 [debug] [Thread-1  ]: SQL status: INSERT 0 10000 in 0.123 seconds
[0m13:01:17.286483 [debug] [Thread-1  ]: Using postgres connection "seed.jaffle_shop.raw_items"
[0m13:01:17.289779 [debug] [Thread-1  ]: On seed.jaffle_shop.raw_items: 
          insert into "postgres"."raw"."raw_items" ("id", "order_id", "sku") values
          (%s,%s,%s),(%s,%s,%s),(%s,%s,%s),(%s,%s,%s),(%s,%s,%s),(%s,%s,%s),(%s,%s,%s),(%s,%s,%s),(%s,%s,%s),(%s,%s,%s),(%s,%s,%s),(%s,%s,%s),(%s,%s,%s),(%s,%s,%s),(%s,%s,%s),(%s,%s,%s),(%s,%s,%s),(%s,%s,%s),(%s,%s,%s),(%s,%s,%s),(%s,%s,%s),(%s,%s,%s),(%s,%s,%s),(%s,%s,%s),(%s,%s,%s),(%s,%s,%s),(%s,%s,%s),(%s,%s,%s),(%s,%s,%s),(%s,%s,%s),(%s,%s,%s),(%s,%s,%s),(%s,%s,%s),(%s,%s,%s),(%s,%s,%s),(%s,%s,%s),(%s,%s,%s),(%s,%s,%s)...
[0m13:01:17.417293 [debug] [Thread-1  ]: SQL status: INSERT 0 10000 in 0.124 seconds
[0m13:01:24.809581 [debug] [Thread-1  ]: Using postgres connection "seed.jaffle_shop.raw_items"
[0m13:01:24.812460 [debug] [Thread-1  ]: On seed.jaffle_shop.raw_items: 
          insert into "postgres"."raw"."raw_items" ("id", "order_id", "sku") values
          (%s,%s,%s),(%s,%s,%s),(%s,%s,%s),(%s,%s,%s),(%s,%s,%s),(%s,%s,%s),(%s,%s,%s),(%s,%s,%s),(%s,%s,%s),(%s,%s,%s),(%s,%s,%s),(%s,%s,%s),(%s,%s,%s),(%s,%s,%s),(%s,%s,%s),(%s,%s,%s),(%s,%s,%s),(%s,%s,%s),(%s,%s,%s),(%s,%s,%s),(%s,%s,%s),(%s,%s,%s),(%s,%s,%s),(%s,%s,%s),(%s,%s,%s),(%s,%s,%s),(%s,%s,%s),(%s,%s,%s),(%s,%s,%s),(%s,%s,%s),(%s,%s,%s),(%s,%s,%s),(%s,%s,%s),(%s,%s,%s),(%s,%s,%s),(%s,%s,%s),(%s,%s,%s),(%s,%s,%s)...
[0m13:01:24.947044 [debug] [Thread-1  ]: SQL status: INSERT 0 10000 in 0.131 seconds
[0m13:01:30.133020 [debug] [Thread-1  ]: Using postgres connection "seed.jaffle_shop.raw_items"
[0m13:01:30.135980 [debug] [Thread-1  ]: On seed.jaffle_shop.raw_items: 
          insert into "postgres"."raw"."raw_items" ("id", "order_id", "sku") values
          (%s,%s,%s),(%s,%s,%s),(%s,%s,%s),(%s,%s,%s),(%s,%s,%s),(%s,%s,%s),(%s,%s,%s),(%s,%s,%s),(%s,%s,%s),(%s,%s,%s),(%s,%s,%s),(%s,%s,%s),(%s,%s,%s),(%s,%s,%s),(%s,%s,%s),(%s,%s,%s),(%s,%s,%s),(%s,%s,%s),(%s,%s,%s),(%s,%s,%s),(%s,%s,%s),(%s,%s,%s),(%s,%s,%s),(%s,%s,%s),(%s,%s,%s),(%s,%s,%s),(%s,%s,%s),(%s,%s,%s),(%s,%s,%s),(%s,%s,%s),(%s,%s,%s),(%s,%s,%s),(%s,%s,%s),(%s,%s,%s),(%s,%s,%s),(%s,%s,%s),(%s,%s,%s),(%s,%s,%s)...
[0m13:01:30.371280 [debug] [Thread-1  ]: SQL status: INSERT 0 10000 in 0.232 seconds
[0m13:01:36.035290 [debug] [Thread-1  ]: Using postgres connection "seed.jaffle_shop.raw_items"
[0m13:01:36.038354 [debug] [Thread-1  ]: On seed.jaffle_shop.raw_items: 
          insert into "postgres"."raw"."raw_items" ("id", "order_id", "sku") values
          (%s,%s,%s),(%s,%s,%s),(%s,%s,%s),(%s,%s,%s),(%s,%s,%s),(%s,%s,%s),(%s,%s,%s),(%s,%s,%s),(%s,%s,%s),(%s,%s,%s),(%s,%s,%s),(%s,%s,%s),(%s,%s,%s),(%s,%s,%s),(%s,%s,%s),(%s,%s,%s),(%s,%s,%s),(%s,%s,%s),(%s,%s,%s),(%s,%s,%s),(%s,%s,%s),(%s,%s,%s),(%s,%s,%s),(%s,%s,%s),(%s,%s,%s),(%s,%s,%s),(%s,%s,%s),(%s,%s,%s),(%s,%s,%s),(%s,%s,%s),(%s,%s,%s),(%s,%s,%s),(%s,%s,%s),(%s,%s,%s),(%s,%s,%s),(%s,%s,%s),(%s,%s,%s),(%s,%s,%s)...
[0m13:01:36.174472 [debug] [Thread-1  ]: SQL status: INSERT 0 10000 in 0.133 seconds
[0m13:01:41.549525 [debug] [Thread-1  ]: Using postgres connection "seed.jaffle_shop.raw_items"
[0m13:01:41.552274 [debug] [Thread-1  ]: On seed.jaffle_shop.raw_items: 
          insert into "postgres"."raw"."raw_items" ("id", "order_id", "sku") values
          (%s,%s,%s),(%s,%s,%s),(%s,%s,%s),(%s,%s,%s),(%s,%s,%s),(%s,%s,%s),(%s,%s,%s),(%s,%s,%s),(%s,%s,%s),(%s,%s,%s),(%s,%s,%s),(%s,%s,%s),(%s,%s,%s),(%s,%s,%s),(%s,%s,%s),(%s,%s,%s),(%s,%s,%s),(%s,%s,%s),(%s,%s,%s),(%s,%s,%s),(%s,%s,%s),(%s,%s,%s),(%s,%s,%s),(%s,%s,%s),(%s,%s,%s),(%s,%s,%s),(%s,%s,%s),(%s,%s,%s),(%s,%s,%s),(%s,%s,%s),(%s,%s,%s),(%s,%s,%s),(%s,%s,%s),(%s,%s,%s),(%s,%s,%s),(%s,%s,%s),(%s,%s,%s),(%s,%s,%s)...
[0m13:01:41.692609 [debug] [Thread-1  ]: SQL status: INSERT 0 10000 in 0.137 seconds
[0m13:01:47.835414 [debug] [Thread-1  ]: Using postgres connection "seed.jaffle_shop.raw_items"
[0m13:01:47.838315 [debug] [Thread-1  ]: On seed.jaffle_shop.raw_items: 
          insert into "postgres"."raw"."raw_items" ("id", "order_id", "sku") values
          (%s,%s,%s),(%s,%s,%s),(%s,%s,%s),(%s,%s,%s),(%s,%s,%s),(%s,%s,%s),(%s,%s,%s),(%s,%s,%s),(%s,%s,%s),(%s,%s,%s),(%s,%s,%s),(%s,%s,%s),(%s,%s,%s),(%s,%s,%s),(%s,%s,%s),(%s,%s,%s),(%s,%s,%s),(%s,%s,%s),(%s,%s,%s),(%s,%s,%s),(%s,%s,%s),(%s,%s,%s),(%s,%s,%s),(%s,%s,%s),(%s,%s,%s),(%s,%s,%s),(%s,%s,%s),(%s,%s,%s),(%s,%s,%s),(%s,%s,%s),(%s,%s,%s),(%s,%s,%s),(%s,%s,%s),(%s,%s,%s),(%s,%s,%s),(%s,%s,%s),(%s,%s,%s),(%s,%s,%s)...
[0m13:01:48.086996 [debug] [Thread-1  ]: SQL status: INSERT 0 10000 in 0.245 seconds
[0m13:01:49.154548 [debug] [Thread-1  ]: Using postgres connection "seed.jaffle_shop.raw_items"
[0m13:01:49.157824 [debug] [Thread-1  ]: On seed.jaffle_shop.raw_items: 
          insert into "postgres"."raw"."raw_items" ("id", "order_id", "sku") values
          (%s,%s,%s),(%s,%s,%s),(%s,%s,%s),(%s,%s,%s),(%s,%s,%s),(%s,%s,%s),(%s,%s,%s),(%s,%s,%s),(%s,%s,%s),(%s,%s,%s),(%s,%s,%s),(%s,%s,%s),(%s,%s,%s),(%s,%s,%s),(%s,%s,%s),(%s,%s,%s),(%s,%s,%s),(%s,%s,%s),(%s,%s,%s),(%s,%s,%s),(%s,%s,%s),(%s,%s,%s),(%s,%s,%s),(%s,%s,%s),(%s,%s,%s),(%s,%s,%s),(%s,%s,%s),(%s,%s,%s),(%s,%s,%s),(%s,%s,%s),(%s,%s,%s),(%s,%s,%s),(%s,%s,%s),(%s,%s,%s),(%s,%s,%s),(%s,%s,%s),(%s,%s,%s),(%s,%s,%s)...
[0m13:01:49.172619 [debug] [Thread-1  ]: SQL status: INSERT 0 900 in 0.012 seconds
[0m13:01:49.177060 [debug] [Thread-1  ]: Writing runtime SQL for node "seed.jaffle_shop.raw_items"
[0m13:01:49.200696 [debug] [Thread-1  ]: On seed.jaffle_shop.raw_items: COMMIT
[0m13:01:49.203525 [debug] [Thread-1  ]: Using postgres connection "seed.jaffle_shop.raw_items"
[0m13:01:49.206172 [debug] [Thread-1  ]: On seed.jaffle_shop.raw_items: COMMIT
[0m13:01:49.211055 [debug] [Thread-1  ]: SQL status: COMMIT in 0.002 seconds
[0m13:01:49.215112 [debug] [Thread-1  ]: On seed.jaffle_shop.raw_items: Close
[0m13:01:49.219299 [debug] [Thread-1  ]: Sending event: {'category': 'dbt', 'action': 'run_model', 'label': '8728c398-64b3-47b7-9ded-83d6a3d051ca', 'context': [<snowplow_tracker.self_describing_json.SelfDescribingJson object at 0x73c458c44040>]}
[0m13:01:49.222851 [info ] [Thread-1  ]: 2 of 6 OK loaded seed file raw.raw_items ....................................... [[32mINSERT 90900[0m in 63.82s]
[0m13:01:49.226871 [debug] [Thread-1  ]: Finished running node seed.jaffle_shop.raw_items
[0m13:01:49.230636 [debug] [Thread-1  ]: Began running node seed.jaffle_shop.raw_orders
[0m13:01:49.235181 [info ] [Thread-1  ]: 3 of 6 START seed file raw.raw_orders .......................................... [RUN]
[0m13:01:49.238875 [debug] [Thread-1  ]: Re-using an available connection from the pool (formerly seed.jaffle_shop.raw_items, now seed.jaffle_shop.raw_orders)
[0m13:01:49.242359 [debug] [Thread-1  ]: Began compiling node seed.jaffle_shop.raw_orders
[0m13:01:49.245327 [debug] [Thread-1  ]: Began executing node seed.jaffle_shop.raw_orders
[0m13:01:59.483502 [debug] [Thread-1  ]: Using postgres connection "seed.jaffle_shop.raw_orders"
[0m13:01:59.486236 [debug] [Thread-1  ]: On seed.jaffle_shop.raw_orders: BEGIN
[0m13:01:59.488940 [debug] [Thread-1  ]: Opening a new connection, currently in state closed
[0m13:01:59.499247 [debug] [Thread-1  ]: SQL status: BEGIN in 0.010 seconds
[0m13:01:59.502088 [debug] [Thread-1  ]: Using postgres connection "seed.jaffle_shop.raw_orders"
[0m13:01:59.504748 [debug] [Thread-1  ]: On seed.jaffle_shop.raw_orders: /* {"app": "dbt", "dbt_version": "1.10.15", "profile_name": "default", "target_name": "dev", "node_id": "seed.jaffle_shop.raw_orders"} */

    create table "postgres"."raw"."raw_orders" ("id" text,"customer" text,"ordered_at" timestamp without time zone,"store_id" text,"subtotal" integer,"tax_paid" integer,"order_total" integer)
  
[0m13:01:59.515148 [debug] [Thread-1  ]: SQL status: CREATE TABLE in 0.008 seconds
[0m13:02:12.144811 [debug] [Thread-1  ]: Using postgres connection "seed.jaffle_shop.raw_orders"
[0m13:02:12.147431 [debug] [Thread-1  ]: On seed.jaffle_shop.raw_orders: 
          insert into "postgres"."raw"."raw_orders" ("id", "customer", "ordered_at", "store_id", "subtotal", "tax_paid", "order_total") values
          (%s,%s,%s,%s,%s,%s,%s),(%s,%s,%s,%s,%s,%s,%s),(%s,%s,%s,%s,%s,%s,%s),(%s,%s,%s,%s,%s,%s,%s),(%s,%s,%s,%s,%s,%s,%s),(%s,%s,%s,%s,%s,%s,%s),(%s,%s,%s,%s,%s,%s,%s),(%s,%s,%s,%s,%s,%s,%s),(%s,%s,%s,%s,%s,%s,%s),(%s,%s,%s,%s,%s,%s,%s),(%s,%s,%s,%s,%s,%s,%s),(%s,%s,%s,%s,%s,%s,%s),(%s,%s,%s,%s,%s,%s,%s),(%s,%s,%s,%s,%s,%s,%s),(%s,%s,%s,%s,%s,%s,%s),(%s,%s,%s,%s,...
[0m13:02:12.514114 [debug] [Thread-1  ]: SQL status: INSERT 0 10000 in 0.364 seconds
[0m13:02:26.223444 [debug] [Thread-1  ]: Using postgres connection "seed.jaffle_shop.raw_orders"
[0m13:02:26.226686 [debug] [Thread-1  ]: On seed.jaffle_shop.raw_orders: 
          insert into "postgres"."raw"."raw_orders" ("id", "customer", "ordered_at", "store_id", "subtotal", "tax_paid", "order_total") values
          (%s,%s,%s,%s,%s,%s,%s),(%s,%s,%s,%s,%s,%s,%s),(%s,%s,%s,%s,%s,%s,%s),(%s,%s,%s,%s,%s,%s,%s),(%s,%s,%s,%s,%s,%s,%s),(%s,%s,%s,%s,%s,%s,%s),(%s,%s,%s,%s,%s,%s,%s),(%s,%s,%s,%s,%s,%s,%s),(%s,%s,%s,%s,%s,%s,%s),(%s,%s,%s,%s,%s,%s,%s),(%s,%s,%s,%s,%s,%s,%s),(%s,%s,%s,%s,%s,%s,%s),(%s,%s,%s,%s,%s,%s,%s),(%s,%s,%s,%s,%s,%s,%s),(%s,%s,%s,%s,%s,%s,%s),(%s,%s,%s,%s,...
[0m13:02:26.585528 [debug] [Thread-1  ]: SQL status: INSERT 0 10000 in 0.355 seconds
[0m13:02:43.160732 [debug] [Thread-1  ]: Using postgres connection "seed.jaffle_shop.raw_orders"
[0m13:02:43.163799 [debug] [Thread-1  ]: On seed.jaffle_shop.raw_orders: 
          insert into "postgres"."raw"."raw_orders" ("id", "customer", "ordered_at", "store_id", "subtotal", "tax_paid", "order_total") values
          (%s,%s,%s,%s,%s,%s,%s),(%s,%s,%s,%s,%s,%s,%s),(%s,%s,%s,%s,%s,%s,%s),(%s,%s,%s,%s,%s,%s,%s),(%s,%s,%s,%s,%s,%s,%s),(%s,%s,%s,%s,%s,%s,%s),(%s,%s,%s,%s,%s,%s,%s),(%s,%s,%s,%s,%s,%s,%s),(%s,%s,%s,%s,%s,%s,%s),(%s,%s,%s,%s,%s,%s,%s),(%s,%s,%s,%s,%s,%s,%s),(%s,%s,%s,%s,%s,%s,%s),(%s,%s,%s,%s,%s,%s,%s),(%s,%s,%s,%s,%s,%s,%s),(%s,%s,%s,%s,%s,%s,%s),(%s,%s,%s,%s,...
[0m13:02:43.595862 [debug] [Thread-1  ]: SQL status: INSERT 0 10000 in 0.429 seconds
[0m13:02:59.708834 [debug] [Thread-1  ]: Using postgres connection "seed.jaffle_shop.raw_orders"
[0m13:02:59.712395 [debug] [Thread-1  ]: On seed.jaffle_shop.raw_orders: 
          insert into "postgres"."raw"."raw_orders" ("id", "customer", "ordered_at", "store_id", "subtotal", "tax_paid", "order_total") values
          (%s,%s,%s,%s,%s,%s,%s),(%s,%s,%s,%s,%s,%s,%s),(%s,%s,%s,%s,%s,%s,%s),(%s,%s,%s,%s,%s,%s,%s),(%s,%s,%s,%s,%s,%s,%s),(%s,%s,%s,%s,%s,%s,%s),(%s,%s,%s,%s,%s,%s,%s),(%s,%s,%s,%s,%s,%s,%s),(%s,%s,%s,%s,%s,%s,%s),(%s,%s,%s,%s,%s,%s,%s),(%s,%s,%s,%s,%s,%s,%s),(%s,%s,%s,%s,%s,%s,%s),(%s,%s,%s,%s,%s,%s,%s),(%s,%s,%s,%s,%s,%s,%s),(%s,%s,%s,%s,%s,%s,%s),(%s,%s,%s,%s,...
[0m13:03:00.023571 [debug] [Thread-1  ]: SQL status: INSERT 0 10000 in 0.308 seconds
[0m13:03:12.930940 [debug] [Thread-1  ]: Using postgres connection "seed.jaffle_shop.raw_orders"
[0m13:03:12.935190 [debug] [Thread-1  ]: On seed.jaffle_shop.raw_orders: 
          insert into "postgres"."raw"."raw_orders" ("id", "customer", "ordered_at", "store_id", "subtotal", "tax_paid", "order_total") values
          (%s,%s,%s,%s,%s,%s,%s),(%s,%s,%s,%s,%s,%s,%s),(%s,%s,%s,%s,%s,%s,%s),(%s,%s,%s,%s,%s,%s,%s),(%s,%s,%s,%s,%s,%s,%s),(%s,%s,%s,%s,%s,%s,%s),(%s,%s,%s,%s,%s,%s,%s),(%s,%s,%s,%s,%s,%s,%s),(%s,%s,%s,%s,%s,%s,%s),(%s,%s,%s,%s,%s,%s,%s),(%s,%s,%s,%s,%s,%s,%s),(%s,%s,%s,%s,%s,%s,%s),(%s,%s,%s,%s,%s,%s,%s),(%s,%s,%s,%s,%s,%s,%s),(%s,%s,%s,%s,%s,%s,%s),(%s,%s,%s,%s,...
[0m13:03:13.308449 [debug] [Thread-1  ]: SQL status: INSERT 0 10000 in 0.369 seconds
[0m13:03:25.842778 [debug] [Thread-1  ]: Using postgres connection "seed.jaffle_shop.raw_orders"
[0m13:03:25.845689 [debug] [Thread-1  ]: On seed.jaffle_shop.raw_orders: 
          insert into "postgres"."raw"."raw_orders" ("id", "customer", "ordered_at", "store_id", "subtotal", "tax_paid", "order_total") values
          (%s,%s,%s,%s,%s,%s,%s),(%s,%s,%s,%s,%s,%s,%s),(%s,%s,%s,%s,%s,%s,%s),(%s,%s,%s,%s,%s,%s,%s),(%s,%s,%s,%s,%s,%s,%s),(%s,%s,%s,%s,%s,%s,%s),(%s,%s,%s,%s,%s,%s,%s),(%s,%s,%s,%s,%s,%s,%s),(%s,%s,%s,%s,%s,%s,%s),(%s,%s,%s,%s,%s,%s,%s),(%s,%s,%s,%s,%s,%s,%s),(%s,%s,%s,%s,%s,%s,%s),(%s,%s,%s,%s,%s,%s,%s),(%s,%s,%s,%s,%s,%s,%s),(%s,%s,%s,%s,%s,%s,%s),(%s,%s,%s,%s,...
[0m13:03:26.198205 [debug] [Thread-1  ]: SQL status: INSERT 0 10000 in 0.349 seconds
[0m13:03:28.437739 [debug] [Thread-1  ]: Using postgres connection "seed.jaffle_shop.raw_orders"
[0m13:03:28.441517 [debug] [Thread-1  ]: On seed.jaffle_shop.raw_orders: 
          insert into "postgres"."raw"."raw_orders" ("id", "customer", "ordered_at", "store_id", "subtotal", "tax_paid", "order_total") values
          (%s,%s,%s,%s,%s,%s,%s),(%s,%s,%s,%s,%s,%s,%s),(%s,%s,%s,%s,%s,%s,%s),(%s,%s,%s,%s,%s,%s,%s),(%s,%s,%s,%s,%s,%s,%s),(%s,%s,%s,%s,%s,%s,%s),(%s,%s,%s,%s,%s,%s,%s),(%s,%s,%s,%s,%s,%s,%s),(%s,%s,%s,%s,%s,%s,%s),(%s,%s,%s,%s,%s,%s,%s),(%s,%s,%s,%s,%s,%s,%s),(%s,%s,%s,%s,%s,%s,%s),(%s,%s,%s,%s,%s,%s,%s),(%s,%s,%s,%s,%s,%s,%s),(%s,%s,%s,%s,%s,%s,%s),(%s,%s,%s,%s,...
[0m13:03:28.508167 [debug] [Thread-1  ]: SQL status: INSERT 0 1948 in 0.063 seconds
[0m13:03:28.514909 [debug] [Thread-1  ]: Writing runtime SQL for node "seed.jaffle_shop.raw_orders"
[0m13:03:28.552823 [debug] [Thread-1  ]: On seed.jaffle_shop.raw_orders: COMMIT
[0m13:03:28.556939 [debug] [Thread-1  ]: Using postgres connection "seed.jaffle_shop.raw_orders"
[0m13:03:28.560384 [debug] [Thread-1  ]: On seed.jaffle_shop.raw_orders: COMMIT
[0m13:03:28.567175 [debug] [Thread-1  ]: SQL status: COMMIT in 0.003 seconds
[0m13:03:28.572931 [debug] [Thread-1  ]: On seed.jaffle_shop.raw_orders: Close
[0m13:03:28.577964 [debug] [Thread-1  ]: Sending event: {'category': 'dbt', 'action': 'run_model', 'label': '8728c398-64b3-47b7-9ded-83d6a3d051ca', 'context': [<snowplow_tracker.self_describing_json.SelfDescribingJson object at 0x73c45aae5b80>]}
[0m13:03:28.582128 [info ] [Thread-1  ]: 3 of 6 OK loaded seed file raw.raw_orders ...................................... [[32mINSERT 61948[0m in 99.34s]
[0m13:03:28.586618 [debug] [Thread-1  ]: Finished running node seed.jaffle_shop.raw_orders
[0m13:03:28.590657 [debug] [Thread-1  ]: Began running node seed.jaffle_shop.raw_products
[0m13:03:28.595930 [info ] [Thread-1  ]: 4 of 6 START seed file raw.raw_products ........................................ [RUN]
[0m13:03:28.600810 [debug] [Thread-1  ]: Re-using an available connection from the pool (formerly seed.jaffle_shop.raw_orders, now seed.jaffle_shop.raw_products)
[0m13:03:28.605391 [debug] [Thread-1  ]: Began compiling node seed.jaffle_shop.raw_products
[0m13:03:28.609356 [debug] [Thread-1  ]: Began executing node seed.jaffle_shop.raw_products
[0m13:03:28.645893 [debug] [Thread-1  ]: Using postgres connection "seed.jaffle_shop.raw_products"
[0m13:03:28.649497 [debug] [Thread-1  ]: On seed.jaffle_shop.raw_products: BEGIN
[0m13:03:28.652842 [debug] [Thread-1  ]: Opening a new connection, currently in state closed
[0m13:03:28.666697 [debug] [Thread-1  ]: SQL status: BEGIN in 0.014 seconds
[0m13:03:28.670390 [debug] [Thread-1  ]: Using postgres connection "seed.jaffle_shop.raw_products"
[0m13:03:28.673810 [debug] [Thread-1  ]: On seed.jaffle_shop.raw_products: /* {"app": "dbt", "dbt_version": "1.10.15", "profile_name": "default", "target_name": "dev", "node_id": "seed.jaffle_shop.raw_products"} */

    create table "postgres"."raw"."raw_products" ("sku" text,"name" text,"type" text,"price" integer,"description" text)
  
[0m13:03:28.688404 [debug] [Thread-1  ]: SQL status: CREATE TABLE in 0.011 seconds
[0m13:03:28.719219 [debug] [Thread-1  ]: Using postgres connection "seed.jaffle_shop.raw_products"
[0m13:03:28.723732 [debug] [Thread-1  ]: On seed.jaffle_shop.raw_products: 
          insert into "postgres"."raw"."raw_products" ("sku", "name", "type", "price", "description") values
          (%s,%s,%s,%s,%s),(%s,%s,%s,%s,%s),(%s,%s,%s,%s,%s),(%s,%s,%s,%s,%s),(%s,%s,%s,%s,%s),(%s,%s,%s,%s,%s),(%s,%s,%s,%s,%s),(%s,%s,%s,%s,%s),(%s,%s,%s,%s,%s),(%s,%s,%s,%s,%s)
      ...
[0m13:03:28.729038 [debug] [Thread-1  ]: SQL status: INSERT 0 10 in 0.002 seconds
[0m13:03:28.734001 [debug] [Thread-1  ]: Writing runtime SQL for node "seed.jaffle_shop.raw_products"
[0m13:03:28.764725 [debug] [Thread-1  ]: On seed.jaffle_shop.raw_products: COMMIT
[0m13:03:28.768953 [debug] [Thread-1  ]: Using postgres connection "seed.jaffle_shop.raw_products"
[0m13:03:28.772807 [debug] [Thread-1  ]: On seed.jaffle_shop.raw_products: COMMIT
[0m13:03:28.779271 [debug] [Thread-1  ]: SQL status: COMMIT in 0.003 seconds
[0m13:03:28.785975 [debug] [Thread-1  ]: On seed.jaffle_shop.raw_products: Close
[0m13:03:28.791051 [debug] [Thread-1  ]: Sending event: {'category': 'dbt', 'action': 'run_model', 'label': '8728c398-64b3-47b7-9ded-83d6a3d051ca', 'context': [<snowplow_tracker.self_describing_json.SelfDescribingJson object at 0x73c4301c3640>]}
[0m13:03:28.796430 [info ] [Thread-1  ]: 4 of 6 OK loaded seed file raw.raw_products .................................... [[32mINSERT 10[0m in 0.19s]
[0m13:03:28.802446 [debug] [Thread-1  ]: Finished running node seed.jaffle_shop.raw_products
[0m13:03:28.807823 [debug] [Thread-1  ]: Began running node seed.jaffle_shop.raw_stores
[0m13:03:28.812411 [info ] [Thread-1  ]: 5 of 6 START seed file raw.raw_stores .......................................... [RUN]
[0m13:03:28.816389 [debug] [Thread-1  ]: Re-using an available connection from the pool (formerly seed.jaffle_shop.raw_products, now seed.jaffle_shop.raw_stores)
[0m13:03:28.819860 [debug] [Thread-1  ]: Began compiling node seed.jaffle_shop.raw_stores
[0m13:03:28.823285 [debug] [Thread-1  ]: Began executing node seed.jaffle_shop.raw_stores
[0m13:03:28.859567 [debug] [Thread-1  ]: Using postgres connection "seed.jaffle_shop.raw_stores"
[0m13:03:28.863015 [debug] [Thread-1  ]: On seed.jaffle_shop.raw_stores: BEGIN
[0m13:03:28.866116 [debug] [Thread-1  ]: Opening a new connection, currently in state closed
[0m13:03:28.879357 [debug] [Thread-1  ]: SQL status: BEGIN in 0.013 seconds
[0m13:03:28.882687 [debug] [Thread-1  ]: Using postgres connection "seed.jaffle_shop.raw_stores"
[0m13:03:28.886245 [debug] [Thread-1  ]: On seed.jaffle_shop.raw_stores: /* {"app": "dbt", "dbt_version": "1.10.15", "profile_name": "default", "target_name": "dev", "node_id": "seed.jaffle_shop.raw_stores"} */

    create table "postgres"."raw"."raw_stores" ("id" text,"name" text,"opened_at" timestamp without time zone,"tax_rate" float8)
  
[0m13:03:28.902842 [debug] [Thread-1  ]: SQL status: CREATE TABLE in 0.013 seconds
[0m13:03:28.916162 [debug] [Thread-1  ]: Using postgres connection "seed.jaffle_shop.raw_stores"
[0m13:03:28.919965 [debug] [Thread-1  ]: On seed.jaffle_shop.raw_stores: 
          insert into "postgres"."raw"."raw_stores" ("id", "name", "opened_at", "tax_rate") values
          (%s,%s,%s,%s),(%s,%s,%s,%s),(%s,%s,%s,%s),(%s,%s,%s,%s),(%s,%s,%s,%s),(%s,%s,%s,%s)
      ...
[0m13:03:28.926523 [debug] [Thread-1  ]: SQL status: INSERT 0 6 in 0.003 seconds
[0m13:03:28.932387 [debug] [Thread-1  ]: Writing runtime SQL for node "seed.jaffle_shop.raw_stores"
[0m13:03:28.967288 [debug] [Thread-1  ]: On seed.jaffle_shop.raw_stores: COMMIT
[0m13:03:28.971107 [debug] [Thread-1  ]: Using postgres connection "seed.jaffle_shop.raw_stores"
[0m13:03:28.974723 [debug] [Thread-1  ]: On seed.jaffle_shop.raw_stores: COMMIT
[0m13:03:28.981103 [debug] [Thread-1  ]: SQL status: COMMIT in 0.002 seconds
[0m13:03:28.986416 [debug] [Thread-1  ]: On seed.jaffle_shop.raw_stores: Close
[0m13:03:28.991130 [debug] [Thread-1  ]: Sending event: {'category': 'dbt', 'action': 'run_model', 'label': '8728c398-64b3-47b7-9ded-83d6a3d051ca', 'context': [<snowplow_tracker.self_describing_json.SelfDescribingJson object at 0x73c431bd93d0>]}
[0m13:03:28.995418 [info ] [Thread-1  ]: 5 of 6 OK loaded seed file raw.raw_stores ...................................... [[32mINSERT 6[0m in 0.17s]
[0m13:03:29.001389 [debug] [Thread-1  ]: Finished running node seed.jaffle_shop.raw_stores
[0m13:03:29.007555 [debug] [Thread-1  ]: Began running node seed.jaffle_shop.raw_supplies
[0m13:03:29.013372 [info ] [Thread-1  ]: 6 of 6 START seed file raw.raw_supplies ........................................ [RUN]
[0m13:03:29.018823 [debug] [Thread-1  ]: Re-using an available connection from the pool (formerly seed.jaffle_shop.raw_stores, now seed.jaffle_shop.raw_supplies)
[0m13:03:29.023560 [debug] [Thread-1  ]: Began compiling node seed.jaffle_shop.raw_supplies
[0m13:03:29.028508 [debug] [Thread-1  ]: Began executing node seed.jaffle_shop.raw_supplies
[0m13:03:29.078302 [debug] [Thread-1  ]: Using postgres connection "seed.jaffle_shop.raw_supplies"
[0m13:03:29.084701 [debug] [Thread-1  ]: On seed.jaffle_shop.raw_supplies: BEGIN
[0m13:03:29.091141 [debug] [Thread-1  ]: Opening a new connection, currently in state closed
[0m13:03:29.117180 [debug] [Thread-1  ]: SQL status: BEGIN in 0.026 seconds
[0m13:03:29.123527 [debug] [Thread-1  ]: Using postgres connection "seed.jaffle_shop.raw_supplies"
[0m13:03:29.129806 [debug] [Thread-1  ]: On seed.jaffle_shop.raw_supplies: /* {"app": "dbt", "dbt_version": "1.10.15", "profile_name": "default", "target_name": "dev", "node_id": "seed.jaffle_shop.raw_supplies"} */

    create table "postgres"."raw"."raw_supplies" ("id" text,"name" text,"cost" integer,"perishable" boolean,"sku" text)
  
[0m13:03:29.153538 [debug] [Thread-1  ]: SQL status: CREATE TABLE in 0.017 seconds
[0m13:03:29.392069 [debug] [Thread-1  ]: Using postgres connection "seed.jaffle_shop.raw_supplies"
[0m13:03:29.398531 [debug] [Thread-1  ]: On seed.jaffle_shop.raw_supplies: 
          insert into "postgres"."raw"."raw_supplies" ("id", "name", "cost", "perishable", "sku") values
          (%s,%s,%s,%s,%s),(%s,%s,%s,%s,%s),(%s,%s,%s,%s,%s),(%s,%s,%s,%s,%s),(%s,%s,%s,%s,%s),(%s,%s,%s,%s,%s),(%s,%s,%s,%s,%s),(%s,%s,%s,%s,%s),(%s,%s,%s,%s,%s),(%s,%s,%s,%s,%s),(%s,%s,%s,%s,%s),(%s,%s,%s,%s,%s),(%s,%s,%s,%s,%s),(%s,%s,%s,%s,%s),(%s,%s,%s,%s,%s),(%s,%s,%s,%s,%s),(%s,%s,%s,%s,%s),(%s,%s,%s,%s,%s),(%s,%s,%s,%s,%s),(%s,%s,%s,%s,%s),(%s,%s,%s,%s,%s),(%s,%s,%s,%s,%s),(%s,%s,%s,%s,%s),(%s,%...
[0m13:03:29.406038 [debug] [Thread-1  ]: SQL status: INSERT 0 65 in 0.003 seconds
[0m13:03:29.410574 [debug] [Thread-1  ]: Writing runtime SQL for node "seed.jaffle_shop.raw_supplies"
[0m13:03:29.444774 [debug] [Thread-1  ]: On seed.jaffle_shop.raw_supplies: COMMIT
[0m13:03:29.448459 [debug] [Thread-1  ]: Using postgres connection "seed.jaffle_shop.raw_supplies"
[0m13:03:29.451709 [debug] [Thread-1  ]: On seed.jaffle_shop.raw_supplies: COMMIT
[0m13:03:29.456967 [debug] [Thread-1  ]: SQL status: COMMIT in 0.002 seconds
[0m13:03:29.461127 [debug] [Thread-1  ]: On seed.jaffle_shop.raw_supplies: Close
[0m13:03:29.464510 [debug] [Thread-1  ]: Sending event: {'category': 'dbt', 'action': 'run_model', 'label': '8728c398-64b3-47b7-9ded-83d6a3d051ca', 'context': [<snowplow_tracker.self_describing_json.SelfDescribingJson object at 0x73c4300fe850>]}
[0m13:03:29.467664 [info ] [Thread-1  ]: 6 of 6 OK loaded seed file raw.raw_supplies .................................... [[32mINSERT 65[0m in 0.45s]
[0m13:03:29.470809 [debug] [Thread-1  ]: Finished running node seed.jaffle_shop.raw_supplies
[0m13:03:29.476272 [debug] [MainThread]: Using postgres connection "master"
[0m13:03:29.479717 [debug] [MainThread]: On master: BEGIN
[0m13:03:29.482454 [debug] [MainThread]: Opening a new connection, currently in state closed
[0m13:03:29.492806 [debug] [MainThread]: SQL status: BEGIN in 0.010 seconds
[0m13:03:29.495779 [debug] [MainThread]: On master: COMMIT
[0m13:03:29.498473 [debug] [MainThread]: Using postgres connection "master"
[0m13:03:29.501107 [debug] [MainThread]: On master: COMMIT
[0m13:03:29.506238 [debug] [MainThread]: SQL status: COMMIT in 0.000 seconds
[0m13:03:29.509439 [debug] [MainThread]: On master: Close
[0m13:03:29.512868 [debug] [MainThread]: Connection 'master' was properly closed.
[0m13:03:29.515611 [debug] [MainThread]: Connection 'seed.jaffle_shop.raw_supplies' was properly closed.
[0m13:03:29.518394 [info ] [MainThread]: 
[0m13:03:29.521092 [info ] [MainThread]: Finished running 6 seeds in 0 hours 2 minutes and 45.97 seconds (165.97s).
[0m13:03:29.528350 [debug] [MainThread]: Command end result
[0m13:03:29.797248 [debug] [MainThread]: Wrote artifact WritableManifest to /dbt/target/manifest.json
[0m13:03:29.856529 [debug] [MainThread]: Wrote artifact SemanticManifest to /dbt/target/semantic_manifest.json
[0m13:03:29.893525 [debug] [MainThread]: Wrote artifact RunExecutionResult to /dbt/target/run_results.json
[0m13:03:29.897196 [info ] [MainThread]: 
[0m13:03:29.901777 [info ] [MainThread]: [32mCompleted successfully[0m
[0m13:03:29.907640 [info ] [MainThread]: 
[0m13:03:29.914197 [info ] [MainThread]: Done. PASS=6 WARN=0 ERROR=0 SKIP=0 NO-OP=0 TOTAL=6
[0m13:03:29.920111 [warn ] [MainThread]: [[33mWARNING[0m][DeprecationsSummary]: Deprecated functionality
Summary of encountered deprecations:
- MissingArgumentsPropertyInGenericTestDeprecation: 8 occurrences
- MFTimespineWithoutYamlConfigurationDeprecation: 1 occurrence
To see all deprecation instances instead of just the first occurrence of each,
run command again with the `--show-all-deprecations` flag. You may also need to
run with `--no-partial-parse` as some deprecations are only encountered during
parsing.
[0m13:03:29.927120 [debug] [MainThread]: Resource report: {"command_name": "seed", "command_success": true, "command_wall_clock_time": 188.789, "process_in_blocks": "2792", "process_kernel_time": 3.347324, "process_mem_max_rss": "305772", "process_out_blocks": "72", "process_user_time": 173.53381}
[0m13:03:29.931890 [debug] [MainThread]: Command `dbt seed` succeeded at 13:03:29.931417 after 188.79 seconds
[0m13:03:29.935921 [debug] [MainThread]: Sending event: {'category': 'dbt', 'action': 'invocation', 'label': 'end', 'context': [<snowplow_tracker.self_describing_json.SelfDescribingJson object at 0x73c45e151fa0>, <snowplow_tracker.self_describing_json.SelfDescribingJson object at 0x73c45f91b280>, <snowplow_tracker.self_describing_json.SelfDescribingJson object at 0x73c45c330610>]}
[0m13:03:29.939880 [debug] [MainThread]: Flushing usage events
[0m13:03:31.899736 [debug] [MainThread]: An error was encountered while trying to flush usage events
[0m13:06:17.249242 [debug] [MainThread]: Sending event: {'category': 'dbt', 'action': 'invocation', 'label': 'start', 'context': [<snowplow_tracker.self_describing_json.SelfDescribingJson object at 0x74588fe90fa0>, <snowplow_tracker.self_describing_json.SelfDescribingJson object at 0x74588fc55dc0>, <snowplow_tracker.self_describing_json.SelfDescribingJson object at 0x74588eda4070>]}


============================== 13:06:17.271715 | bfdf85fa-050c-4dcb-84dd-38333847ba78 ==============================
[0m13:06:17.271715 [info ] [MainThread]: Running with dbt=1.10.15
[0m13:06:17.277106 [debug] [MainThread]: running dbt with arguments {'log_path': '/dbt/logs', 'cache_selected_only': 'False', 'fail_fast': 'False', 'introspect': 'True', 'partial_parse': 'True', 'quiet': 'False', 'profiles_dir': '/dbt', 'use_colors': 'True', 'empty': 'False', 'invocation_command': 'dbt run', 'printer_width': '80', 'log_cache_events': 'False', 'write_json': 'True', 'static_parser': 'True', 'no_print': 'None', 'indirect_selection': 'eager', 'warn_error': 'None', 'log_format': 'default', 'warn_error_options': 'WarnErrorOptionsV2(error=[], warn=[], silence=[])', 'version_check': 'True', 'debug': 'False', 'target_path': 'None', 'use_experimental_parser': 'False', 'send_anonymous_usage_stats': 'True'}
[0m13:06:18.019481 [debug] [MainThread]: Sending event: {'category': 'dbt', 'action': 'project_id', 'label': 'bfdf85fa-050c-4dcb-84dd-38333847ba78', 'context': [<snowplow_tracker.self_describing_json.SelfDescribingJson object at 0x745891659280>]}
[0m13:06:18.283527 [debug] [MainThread]: Sending event: {'category': 'dbt', 'action': 'adapter_info', 'label': 'bfdf85fa-050c-4dcb-84dd-38333847ba78', 'context': [<snowplow_tracker.self_describing_json.SelfDescribingJson object at 0x74588f68f190>]}
[0m13:06:18.288423 [info ] [MainThread]: Registered adapter: postgres=1.9.1
[0m13:06:18.788426 [debug] [MainThread]: checksum: 14a228079bd6df63ba81633f9a3cf44ecfaa31056ac397c602753ec895dbf885, vars: {}, profile: , target: , version: 1.10.15
[0m13:06:31.927713 [debug] [MainThread]: Partial parsing enabled: 0 files deleted, 0 files added, 0 files changed.
[0m13:06:31.935414 [debug] [MainThread]: Partial parsing enabled, no changes found, skipping parsing
[0m13:06:32.275537 [debug] [MainThread]: Sending event: {'category': 'dbt', 'action': 'load_project', 'label': 'bfdf85fa-050c-4dcb-84dd-38333847ba78', 'context': [<snowplow_tracker.self_describing_json.SelfDescribingJson object at 0x74588d540a00>]}
[0m13:06:33.080299 [debug] [MainThread]: Wrote artifact WritableManifest to /dbt/target/manifest.json
[0m13:06:33.147127 [debug] [MainThread]: Wrote artifact SemanticManifest to /dbt/target/semantic_manifest.json
[0m13:06:33.228836 [debug] [MainThread]: Sending event: {'category': 'dbt', 'action': 'resource_counts', 'label': 'bfdf85fa-050c-4dcb-84dd-38333847ba78', 'context': [<snowplow_tracker.self_describing_json.SelfDescribingJson object at 0x74588d0cca90>]}
[0m13:06:33.233561 [info ] [MainThread]: Found 13 models, 6 seeds, 27 data tests, 6 sources, 19 metrics, 746 macros, 6 semantic models, 3 saved queries, 3 unit tests
[0m13:06:33.237995 [debug] [MainThread]: Sending event: {'category': 'dbt', 'action': 'runnable_timing', 'label': 'bfdf85fa-050c-4dcb-84dd-38333847ba78', 'context': [<snowplow_tracker.self_describing_json.SelfDescribingJson object at 0x74588d069a00>]}
[0m13:06:33.252383 [info ] [MainThread]: 
[0m13:06:33.256624 [info ] [MainThread]: Concurrency: 1 threads (target='dev')
[0m13:06:33.260709 [info ] [MainThread]: 
[0m13:06:33.266084 [debug] [MainThread]: Acquiring new postgres connection 'master'
[0m13:06:33.287311 [debug] [ThreadPool]: Acquiring new postgres connection 'list_postgres'
[0m13:06:33.396001 [debug] [ThreadPool]: Using postgres connection "list_postgres"
[0m13:06:33.398679 [debug] [ThreadPool]: On list_postgres: /* {"app": "dbt", "dbt_version": "1.10.15", "profile_name": "default", "target_name": "dev", "connection_name": "list_postgres"} */

    select distinct nspname from pg_namespace
  
[0m13:06:33.401159 [debug] [ThreadPool]: Opening a new connection, currently in state init
[0m13:06:33.422486 [debug] [ThreadPool]: SQL status: SELECT 5 in 0.021 seconds
[0m13:06:33.440815 [debug] [ThreadPool]: On list_postgres: Close
[0m13:06:33.458776 [debug] [ThreadPool]: Re-using an available connection from the pool (formerly list_postgres, now list_postgres_raw)
[0m13:06:33.487349 [debug] [ThreadPool]: Using postgres connection "list_postgres_raw"
[0m13:06:33.491192 [debug] [ThreadPool]: On list_postgres_raw: BEGIN
[0m13:06:33.494956 [debug] [ThreadPool]: Opening a new connection, currently in state closed
[0m13:06:33.506804 [debug] [ThreadPool]: SQL status: BEGIN in 0.012 seconds
[0m13:06:33.509732 [debug] [ThreadPool]: Using postgres connection "list_postgres_raw"
[0m13:06:33.513142 [debug] [ThreadPool]: On list_postgres_raw: /* {"app": "dbt", "dbt_version": "1.10.15", "profile_name": "default", "target_name": "dev", "connection_name": "list_postgres_raw"} */
select
      'postgres' as database,
      tablename as name,
      schemaname as schema,
      'table' as type
    from pg_tables
    where schemaname ilike 'raw'
    union all
    select
      'postgres' as database,
      viewname as name,
      schemaname as schema,
      'view' as type
    from pg_views
    where schemaname ilike 'raw'
    union all
    select
      'postgres' as database,
      matviewname as name,
      schemaname as schema,
      'materialized_view' as type
    from pg_matviews
    where schemaname ilike 'raw'
  
[0m13:06:33.521591 [debug] [ThreadPool]: SQL status: SELECT 6 in 0.005 seconds
[0m13:06:33.527038 [debug] [ThreadPool]: On list_postgres_raw: ROLLBACK
[0m13:06:33.530401 [debug] [ThreadPool]: On list_postgres_raw: Close
[0m13:06:33.533876 [debug] [ThreadPool]: Re-using an available connection from the pool (formerly list_postgres_raw, now list_postgres_public)
[0m13:06:33.545337 [debug] [ThreadPool]: Using postgres connection "list_postgres_public"
[0m13:06:33.548561 [debug] [ThreadPool]: On list_postgres_public: BEGIN
[0m13:06:33.551674 [debug] [ThreadPool]: Opening a new connection, currently in state closed
[0m13:06:33.567470 [debug] [ThreadPool]: SQL status: BEGIN in 0.016 seconds
[0m13:06:33.571155 [debug] [ThreadPool]: Using postgres connection "list_postgres_public"
[0m13:06:33.574709 [debug] [ThreadPool]: On list_postgres_public: /* {"app": "dbt", "dbt_version": "1.10.15", "profile_name": "default", "target_name": "dev", "connection_name": "list_postgres_public"} */
select
      'postgres' as database,
      tablename as name,
      schemaname as schema,
      'table' as type
    from pg_tables
    where schemaname ilike 'public'
    union all
    select
      'postgres' as database,
      viewname as name,
      schemaname as schema,
      'view' as type
    from pg_views
    where schemaname ilike 'public'
    union all
    select
      'postgres' as database,
      matviewname as name,
      schemaname as schema,
      'materialized_view' as type
    from pg_matviews
    where schemaname ilike 'public'
  
[0m13:06:33.584659 [debug] [ThreadPool]: SQL status: SELECT 0 in 0.006 seconds
[0m13:06:33.590790 [debug] [ThreadPool]: On list_postgres_public: ROLLBACK
[0m13:06:33.595136 [debug] [ThreadPool]: On list_postgres_public: Close
[0m13:06:33.621046 [debug] [MainThread]: Using postgres connection "master"
[0m13:06:33.624790 [debug] [MainThread]: On master: BEGIN
[0m13:06:33.628122 [debug] [MainThread]: Opening a new connection, currently in state init
[0m13:06:33.643370 [debug] [MainThread]: SQL status: BEGIN in 0.015 seconds
[0m13:06:33.647139 [debug] [MainThread]: Using postgres connection "master"
[0m13:06:33.650934 [debug] [MainThread]: On master: /* {"app": "dbt", "dbt_version": "1.10.15", "profile_name": "default", "target_name": "dev", "connection_name": "master"} */
select distinct
        dependent_namespace.nspname as dependent_schema,
        dependent_class.relname as dependent_name,
        referenced_namespace.nspname as referenced_schema,
        referenced_class.relname as referenced_name

    -- Query for views: views are entries in pg_class with an entry in pg_rewrite, but we avoid
    -- a seq scan on pg_rewrite by leveraging the fact there is an "internal" row in pg_depend for
    -- the view...
    from pg_class as dependent_class
    join pg_namespace as dependent_namespace on dependent_namespace.oid = dependent_class.relnamespace
    join pg_depend as dependent_depend on dependent_depend.refobjid = dependent_class.oid
        and dependent_depend.classid = 'pg_rewrite'::regclass
        and dependent_depend.refclassid = 'pg_class'::regclass
        and dependent_depend.deptype = 'i'

    -- ... and via pg_depend (that has a row per column, hence the need for "distinct" above, and
    -- making sure to exclude the internal row to avoid a view appearing to depend on itself)...
    join pg_depend as joining_depend on joining_depend.objid = dependent_depend.objid
        and joining_depend.classid = 'pg_rewrite'::regclass
        and joining_depend.refclassid = 'pg_class'::regclass
        and joining_depend.refobjid != dependent_depend.refobjid

    -- ... we can find the tables they query from in pg_class, but excluding system tables. Note we
    -- don't need need to exclude _dependent_ system tables, because they only query from other
    -- system tables, and so are automatically excluded by excluding _referenced_ system tables
    join pg_class as referenced_class on referenced_class.oid = joining_depend.refobjid
    join pg_namespace as referenced_namespace on referenced_namespace.oid = referenced_class.relnamespace
        and referenced_namespace.nspname != 'information_schema'
        and referenced_namespace.nspname not like 'pg\_%'

    order by
        dependent_schema, dependent_name, referenced_schema, referenced_name;
[0m13:06:33.664563 [debug] [MainThread]: SQL status: SELECT 0 in 0.009 seconds
[0m13:06:33.670892 [debug] [MainThread]: Sending event: {'category': 'dbt', 'action': 'runnable_timing', 'label': 'bfdf85fa-050c-4dcb-84dd-38333847ba78', 'context': [<snowplow_tracker.self_describing_json.SelfDescribingJson object at 0x74588d0cc7f0>]}
[0m13:06:33.675052 [debug] [MainThread]: On master: ROLLBACK
[0m13:06:33.679129 [debug] [MainThread]: Using postgres connection "master"
[0m13:06:33.682889 [debug] [MainThread]: On master: BEGIN
[0m13:06:33.687576 [debug] [MainThread]: SQL status: BEGIN in 0.001 seconds
[0m13:06:33.691282 [debug] [MainThread]: On master: COMMIT
[0m13:06:33.694826 [debug] [MainThread]: Using postgres connection "master"
[0m13:06:33.697955 [debug] [MainThread]: On master: COMMIT
[0m13:06:33.701676 [debug] [MainThread]: SQL status: COMMIT in 0.001 seconds
[0m13:06:33.704865 [debug] [MainThread]: On master: Close
[0m13:06:33.716797 [debug] [Thread-1  ]: Began running node model.jaffle_shop.metricflow_time_spine
[0m13:06:33.721400 [info ] [Thread-1  ]: 1 of 13 START sql table model public.metricflow_time_spine ..................... [RUN]
[0m13:06:33.726376 [debug] [Thread-1  ]: Re-using an available connection from the pool (formerly list_postgres_public, now model.jaffle_shop.metricflow_time_spine)
[0m13:06:33.731099 [debug] [Thread-1  ]: Began compiling node model.jaffle_shop.metricflow_time_spine
[0m13:06:33.913927 [debug] [Thread-1  ]: Using postgres connection "model.jaffle_shop.metricflow_time_spine"
[0m13:06:33.918439 [debug] [Thread-1  ]: On model.jaffle_shop.metricflow_time_spine: BEGIN
[0m13:06:33.922461 [debug] [Thread-1  ]: Opening a new connection, currently in state closed
[0m13:06:33.937177 [debug] [Thread-1  ]: SQL status: BEGIN in 0.015 seconds
[0m13:06:33.940474 [debug] [Thread-1  ]: Using postgres connection "model.jaffle_shop.metricflow_time_spine"
[0m13:06:33.944034 [debug] [Thread-1  ]: On model.jaffle_shop.metricflow_time_spine: /* {"app": "dbt", "dbt_version": "1.10.15", "profile_name": "default", "target_name": "dev", "node_id": "model.jaffle_shop.metricflow_time_spine"} */


        select 
        ((cast(

    cast(cast(
    cast(now() as timestamp)
        at time zone 'UTC' at time zone 'America/Los_Angeles' as timestamp
) as date) + ((interval '1 day') * (1))

 as date))::date - (

    cast(cast(
    cast(now() as timestamp)
        at time zone 'UTC' at time zone 'America/Los_Angeles' as timestamp
) as date) + ((interval '1 day') * (-3650))

)::date)
    
[0m13:06:33.957921 [debug] [Thread-1  ]: SQL status: SELECT 1 in 0.010 seconds
[0m13:06:33.992658 [debug] [Thread-1  ]: Writing injected SQL for node "model.jaffle_shop.metricflow_time_spine"
[0m13:06:34.055481 [debug] [Thread-1  ]: Began executing node model.jaffle_shop.metricflow_time_spine
[0m13:06:34.161809 [debug] [Thread-1  ]: Writing runtime sql for node "model.jaffle_shop.metricflow_time_spine"
[0m13:06:34.217149 [debug] [Thread-1  ]: Using postgres connection "model.jaffle_shop.metricflow_time_spine"
[0m13:06:34.221015 [debug] [Thread-1  ]: On model.jaffle_shop.metricflow_time_spine: /* {"app": "dbt", "dbt_version": "1.10.15", "profile_name": "default", "target_name": "dev", "node_id": "model.jaffle_shop.metricflow_time_spine"} */

  
    

  create  table "postgres"."public"."metricflow_time_spine__dbt_tmp"
  
  
    as
  
  (
    -- metricflow_time_spine.sql
with

days as (

    --for BQ adapters use "DATE('01/01/2000','mm/dd/yyyy')"
    
    with date_spine as
(

    





with rawdata as (

    

    

    with p as (
        select 0 as generated_number union all select 1
    ), unioned as (

    select

    
    p0.generated_number * power(2, 0)
     + 
    
    p1.generated_number * power(2, 1)
     + 
    
    p2.generated_number * power(2, 2)
     + 
    
    p3.generated_number * power(2, 3)
     + 
    
    p4.generated_number * power(2, 4)
     + 
    
    p5.generated_number * power(2, 5)
     + 
    
    p6.generated_number * power(2, 6)
     + 
    
    p7.generated_number * power(2, 7)
     + 
    
    p8.generated_number * power(2, 8)
     + 
    
    p9.generated_number * power(2, 9)
     + 
    
    p10.generated_number * power(2, 10)
     + 
    
    p11.generated_number * power(2, 11)
    
    
    + 1
    as generated_number

    from

    
    p as p0
     cross join 
    
    p as p1
     cross join 
    
    p as p2
     cross join 
    
    p as p3
     cross join 
    
    p as p4
     cross join 
    
    p as p5
     cross join 
    
    p as p6
     cross join 
    
    p as p7
     cross join 
    
    p as p8
     cross join 
    
    p as p9
     cross join 
    
    p as p10
     cross join 
    
    p as p11
    
    

    )

    select *
    from unioned
    where generated_number <= 3651
    order by generated_number



),

all_periods as (

    select (
        

    

    cast(cast(
    cast(now() as timestamp)
        at time zone 'UTC' at time zone 'America/Los_Angeles' as timestamp
) as date) + ((interval '1 day') * (-3650))

 + ((interval '1 day') * ((row_number() over (order by 1) - 1)))


    ) as date_day
    from rawdata

),

filtered as (

    select *
    from all_periods
    where date_day <= cast(

    cast(cast(
    cast(now() as timestamp)
        at time zone 'UTC' at time zone 'America/Los_Angeles' as timestamp
) as date) + ((interval '1 day') * (1))

 as date)

)

select * from filtered



)
select
    cast(d.date_day as timestamp) as date_day
from
    date_spine d



),

cast_to_date as (

    select cast(date_day as date) as date_day

    from days

)

select * from cast_to_date
  );
  
[0m13:06:34.264793 [debug] [Thread-1  ]: SQL status: SELECT 3651 in 0.040 seconds
[0m13:06:34.296964 [debug] [Thread-1  ]: Using postgres connection "model.jaffle_shop.metricflow_time_spine"
[0m13:06:34.304531 [debug] [Thread-1  ]: On model.jaffle_shop.metricflow_time_spine: /* {"app": "dbt", "dbt_version": "1.10.15", "profile_name": "default", "target_name": "dev", "node_id": "model.jaffle_shop.metricflow_time_spine"} */
alter table "postgres"."public"."metricflow_time_spine__dbt_tmp" rename to "metricflow_time_spine"
[0m13:06:34.308849 [debug] [Thread-1  ]: SQL status: ALTER TABLE in 0.001 seconds
[0m13:06:34.376527 [debug] [Thread-1  ]: On model.jaffle_shop.metricflow_time_spine: COMMIT
[0m13:06:34.388366 [debug] [Thread-1  ]: Using postgres connection "model.jaffle_shop.metricflow_time_spine"
[0m13:06:34.391648 [debug] [Thread-1  ]: On model.jaffle_shop.metricflow_time_spine: COMMIT
[0m13:06:34.396915 [debug] [Thread-1  ]: SQL status: COMMIT in 0.002 seconds
[0m13:06:34.417236 [debug] [Thread-1  ]: Applying DROP to: "postgres"."public"."metricflow_time_spine__dbt_backup"
[0m13:06:34.429968 [debug] [Thread-1  ]: Using postgres connection "model.jaffle_shop.metricflow_time_spine"
[0m13:06:34.432763 [debug] [Thread-1  ]: On model.jaffle_shop.metricflow_time_spine: /* {"app": "dbt", "dbt_version": "1.10.15", "profile_name": "default", "target_name": "dev", "node_id": "model.jaffle_shop.metricflow_time_spine"} */
drop table if exists "postgres"."public"."metricflow_time_spine__dbt_backup" cascade
[0m13:06:34.438398 [debug] [Thread-1  ]: SQL status: DROP TABLE in 0.002 seconds
[0m13:06:34.447260 [debug] [Thread-1  ]: On model.jaffle_shop.metricflow_time_spine: Close
[0m13:06:34.453542 [debug] [Thread-1  ]: Sending event: {'category': 'dbt', 'action': 'run_model', 'label': 'bfdf85fa-050c-4dcb-84dd-38333847ba78', 'context': [<snowplow_tracker.self_describing_json.SelfDescribingJson object at 0x74588bd18310>]}
[0m13:06:34.457083 [info ] [Thread-1  ]: 1 of 13 OK created sql table model public.metricflow_time_spine ................ [[32mSELECT 3651[0m in 0.72s]
[0m13:06:34.461454 [debug] [Thread-1  ]: Finished running node model.jaffle_shop.metricflow_time_spine
[0m13:06:34.465323 [debug] [Thread-1  ]: Began running node model.jaffle_shop.stg_customers
[0m13:06:34.469197 [info ] [Thread-1  ]: 2 of 13 START sql view model public.stg_customers .............................. [RUN]
[0m13:06:34.472606 [debug] [Thread-1  ]: Re-using an available connection from the pool (formerly model.jaffle_shop.metricflow_time_spine, now model.jaffle_shop.stg_customers)
[0m13:06:34.475807 [debug] [Thread-1  ]: Began compiling node model.jaffle_shop.stg_customers
[0m13:06:34.487126 [debug] [Thread-1  ]: Writing injected SQL for node "model.jaffle_shop.stg_customers"
[0m13:06:34.522701 [debug] [Thread-1  ]: Began executing node model.jaffle_shop.stg_customers
[0m13:06:34.584496 [debug] [Thread-1  ]: Writing runtime sql for node "model.jaffle_shop.stg_customers"
[0m13:06:34.631361 [debug] [Thread-1  ]: Using postgres connection "model.jaffle_shop.stg_customers"
[0m13:06:34.635819 [debug] [Thread-1  ]: On model.jaffle_shop.stg_customers: BEGIN
[0m13:06:34.640601 [debug] [Thread-1  ]: Opening a new connection, currently in state closed
[0m13:06:34.660428 [debug] [Thread-1  ]: SQL status: BEGIN in 0.020 seconds
[0m13:06:34.665339 [debug] [Thread-1  ]: Using postgres connection "model.jaffle_shop.stg_customers"
[0m13:06:34.670292 [debug] [Thread-1  ]: On model.jaffle_shop.stg_customers: /* {"app": "dbt", "dbt_version": "1.10.15", "profile_name": "default", "target_name": "dev", "node_id": "model.jaffle_shop.stg_customers"} */

  create view "postgres"."public"."stg_customers__dbt_tmp"
    
    
  as (
    with

source as (

    select * from "postgres"."raw"."raw_customers"

),

renamed as (

    select

        ----------  ids
        id as customer_id,

        ---------- text
        name as customer_name

    from source

)

select * from renamed
  );
[0m13:06:34.682552 [debug] [Thread-1  ]: SQL status: CREATE VIEW in 0.008 seconds
[0m13:06:34.701515 [debug] [Thread-1  ]: Using postgres connection "model.jaffle_shop.stg_customers"
[0m13:06:34.706560 [debug] [Thread-1  ]: On model.jaffle_shop.stg_customers: /* {"app": "dbt", "dbt_version": "1.10.15", "profile_name": "default", "target_name": "dev", "node_id": "model.jaffle_shop.stg_customers"} */
alter table "postgres"."public"."stg_customers__dbt_tmp" rename to "stg_customers"
[0m13:06:34.713867 [debug] [Thread-1  ]: SQL status: ALTER TABLE in 0.002 seconds
[0m13:06:34.722421 [debug] [Thread-1  ]: On model.jaffle_shop.stg_customers: COMMIT
[0m13:06:34.727597 [debug] [Thread-1  ]: Using postgres connection "model.jaffle_shop.stg_customers"
[0m13:06:34.732524 [debug] [Thread-1  ]: On model.jaffle_shop.stg_customers: COMMIT
[0m13:06:34.742036 [debug] [Thread-1  ]: SQL status: COMMIT in 0.005 seconds
[0m13:06:34.760523 [debug] [Thread-1  ]: Applying DROP to: "postgres"."public"."stg_customers__dbt_backup"
[0m13:06:34.773262 [debug] [Thread-1  ]: Using postgres connection "model.jaffle_shop.stg_customers"
[0m13:06:34.777985 [debug] [Thread-1  ]: On model.jaffle_shop.stg_customers: /* {"app": "dbt", "dbt_version": "1.10.15", "profile_name": "default", "target_name": "dev", "node_id": "model.jaffle_shop.stg_customers"} */
drop view if exists "postgres"."public"."stg_customers__dbt_backup" cascade
[0m13:06:34.783683 [debug] [Thread-1  ]: SQL status: DROP VIEW in 0.001 seconds
[0m13:06:34.791915 [debug] [Thread-1  ]: On model.jaffle_shop.stg_customers: Close
[0m13:06:34.798266 [debug] [Thread-1  ]: Sending event: {'category': 'dbt', 'action': 'run_model', 'label': 'bfdf85fa-050c-4dcb-84dd-38333847ba78', 'context': [<snowplow_tracker.self_describing_json.SelfDescribingJson object at 0x7458900419d0>]}
[0m13:06:34.805090 [info ] [Thread-1  ]: 2 of 13 OK created sql view model public.stg_customers ......................... [[32mCREATE VIEW[0m in 0.33s]
[0m13:06:34.812895 [debug] [Thread-1  ]: Finished running node model.jaffle_shop.stg_customers
[0m13:06:34.819169 [debug] [Thread-1  ]: Began running node model.jaffle_shop.stg_locations
[0m13:06:34.825335 [info ] [Thread-1  ]: 3 of 13 START sql view model public.stg_locations .............................. [RUN]
[0m13:06:34.831854 [debug] [Thread-1  ]: Re-using an available connection from the pool (formerly model.jaffle_shop.stg_customers, now model.jaffle_shop.stg_locations)
[0m13:06:34.838127 [debug] [Thread-1  ]: Began compiling node model.jaffle_shop.stg_locations
[0m13:06:34.868265 [debug] [Thread-1  ]: Writing injected SQL for node "model.jaffle_shop.stg_locations"
[0m13:06:34.906794 [debug] [Thread-1  ]: Began executing node model.jaffle_shop.stg_locations
[0m13:06:34.931615 [debug] [Thread-1  ]: Writing runtime sql for node "model.jaffle_shop.stg_locations"
[0m13:06:34.972562 [debug] [Thread-1  ]: Using postgres connection "model.jaffle_shop.stg_locations"
[0m13:06:34.977602 [debug] [Thread-1  ]: On model.jaffle_shop.stg_locations: BEGIN
[0m13:06:34.982889 [debug] [Thread-1  ]: Opening a new connection, currently in state closed
[0m13:06:35.000970 [debug] [Thread-1  ]: SQL status: BEGIN in 0.018 seconds
[0m13:06:35.006373 [debug] [Thread-1  ]: Using postgres connection "model.jaffle_shop.stg_locations"
[0m13:06:35.011609 [debug] [Thread-1  ]: On model.jaffle_shop.stg_locations: /* {"app": "dbt", "dbt_version": "1.10.15", "profile_name": "default", "target_name": "dev", "node_id": "model.jaffle_shop.stg_locations"} */

  create view "postgres"."public"."stg_locations__dbt_tmp"
    
    
  as (
    with

source as (

    select * from "postgres"."raw"."raw_stores"

),

renamed as (

    select

        ----------  ids
        id as location_id,

        ---------- text
        name as location_name,

        ---------- numerics
        tax_rate,

        ---------- timestamps
        date_trunc('day', opened_at) as opened_date

    from source

)

select * from renamed
  );
[0m13:06:35.028593 [debug] [Thread-1  ]: SQL status: CREATE VIEW in 0.007 seconds
[0m13:06:35.054216 [debug] [Thread-1  ]: Using postgres connection "model.jaffle_shop.stg_locations"
[0m13:06:35.061427 [debug] [Thread-1  ]: On model.jaffle_shop.stg_locations: /* {"app": "dbt", "dbt_version": "1.10.15", "profile_name": "default", "target_name": "dev", "node_id": "model.jaffle_shop.stg_locations"} */
alter table "postgres"."public"."stg_locations__dbt_tmp" rename to "stg_locations"
[0m13:06:35.068546 [debug] [Thread-1  ]: SQL status: ALTER TABLE in 0.001 seconds
[0m13:06:35.077226 [debug] [Thread-1  ]: On model.jaffle_shop.stg_locations: COMMIT
[0m13:06:35.082173 [debug] [Thread-1  ]: Using postgres connection "model.jaffle_shop.stg_locations"
[0m13:06:35.087219 [debug] [Thread-1  ]: On model.jaffle_shop.stg_locations: COMMIT
[0m13:06:35.096939 [debug] [Thread-1  ]: SQL status: COMMIT in 0.004 seconds
[0m13:06:35.114713 [debug] [Thread-1  ]: Applying DROP to: "postgres"."public"."stg_locations__dbt_backup"
[0m13:06:35.120762 [debug] [Thread-1  ]: Using postgres connection "model.jaffle_shop.stg_locations"
[0m13:06:35.124941 [debug] [Thread-1  ]: On model.jaffle_shop.stg_locations: /* {"app": "dbt", "dbt_version": "1.10.15", "profile_name": "default", "target_name": "dev", "node_id": "model.jaffle_shop.stg_locations"} */
drop view if exists "postgres"."public"."stg_locations__dbt_backup" cascade
[0m13:06:35.130281 [debug] [Thread-1  ]: SQL status: DROP VIEW in 0.001 seconds
[0m13:06:35.140331 [debug] [Thread-1  ]: On model.jaffle_shop.stg_locations: Close
[0m13:06:35.146320 [debug] [Thread-1  ]: Sending event: {'category': 'dbt', 'action': 'run_model', 'label': 'bfdf85fa-050c-4dcb-84dd-38333847ba78', 'context': [<snowplow_tracker.self_describing_json.SelfDescribingJson object at 0x7458900419d0>]}
[0m13:06:35.152628 [info ] [Thread-1  ]: 3 of 13 OK created sql view model public.stg_locations ......................... [[32mCREATE VIEW[0m in 0.32s]
[0m13:06:35.164240 [debug] [Thread-1  ]: Finished running node model.jaffle_shop.stg_locations
[0m13:06:35.172409 [debug] [Thread-1  ]: Began running node model.jaffle_shop.stg_order_items
[0m13:06:35.178436 [info ] [Thread-1  ]: 4 of 13 START sql view model public.stg_order_items ............................ [RUN]
[0m13:06:35.184025 [debug] [Thread-1  ]: Re-using an available connection from the pool (formerly model.jaffle_shop.stg_locations, now model.jaffle_shop.stg_order_items)
[0m13:06:35.190268 [debug] [Thread-1  ]: Began compiling node model.jaffle_shop.stg_order_items
[0m13:06:35.208416 [debug] [Thread-1  ]: Writing injected SQL for node "model.jaffle_shop.stg_order_items"
[0m13:06:35.242080 [debug] [Thread-1  ]: Began executing node model.jaffle_shop.stg_order_items
[0m13:06:35.262795 [debug] [Thread-1  ]: Writing runtime sql for node "model.jaffle_shop.stg_order_items"
[0m13:06:35.293572 [debug] [Thread-1  ]: Using postgres connection "model.jaffle_shop.stg_order_items"
[0m13:06:35.297695 [debug] [Thread-1  ]: On model.jaffle_shop.stg_order_items: BEGIN
[0m13:06:35.301881 [debug] [Thread-1  ]: Opening a new connection, currently in state closed
[0m13:06:35.319721 [debug] [Thread-1  ]: SQL status: BEGIN in 0.018 seconds
[0m13:06:35.323274 [debug] [Thread-1  ]: Using postgres connection "model.jaffle_shop.stg_order_items"
[0m13:06:35.327129 [debug] [Thread-1  ]: On model.jaffle_shop.stg_order_items: /* {"app": "dbt", "dbt_version": "1.10.15", "profile_name": "default", "target_name": "dev", "node_id": "model.jaffle_shop.stg_order_items"} */

  create view "postgres"."public"."stg_order_items__dbt_tmp"
    
    
  as (
    with

source as (

    select * from "postgres"."raw"."raw_items"

),

renamed as (

    select

        ----------  ids
        id as order_item_id,
        order_id,
        sku as product_id

    from source

)

select * from renamed
  );
[0m13:06:35.333549 [debug] [Thread-1  ]: SQL status: CREATE VIEW in 0.003 seconds
[0m13:06:35.353877 [debug] [Thread-1  ]: Using postgres connection "model.jaffle_shop.stg_order_items"
[0m13:06:35.357854 [debug] [Thread-1  ]: On model.jaffle_shop.stg_order_items: /* {"app": "dbt", "dbt_version": "1.10.15", "profile_name": "default", "target_name": "dev", "node_id": "model.jaffle_shop.stg_order_items"} */
alter table "postgres"."public"."stg_order_items__dbt_tmp" rename to "stg_order_items"
[0m13:06:35.361835 [debug] [Thread-1  ]: SQL status: ALTER TABLE in 0.001 seconds
[0m13:06:35.367836 [debug] [Thread-1  ]: On model.jaffle_shop.stg_order_items: COMMIT
[0m13:06:35.370741 [debug] [Thread-1  ]: Using postgres connection "model.jaffle_shop.stg_order_items"
[0m13:06:35.373836 [debug] [Thread-1  ]: On model.jaffle_shop.stg_order_items: COMMIT
[0m13:06:35.378832 [debug] [Thread-1  ]: SQL status: COMMIT in 0.002 seconds
[0m13:06:35.388815 [debug] [Thread-1  ]: Applying DROP to: "postgres"."public"."stg_order_items__dbt_backup"
[0m13:06:35.393243 [debug] [Thread-1  ]: Using postgres connection "model.jaffle_shop.stg_order_items"
[0m13:06:35.396603 [debug] [Thread-1  ]: On model.jaffle_shop.stg_order_items: /* {"app": "dbt", "dbt_version": "1.10.15", "profile_name": "default", "target_name": "dev", "node_id": "model.jaffle_shop.stg_order_items"} */
drop view if exists "postgres"."public"."stg_order_items__dbt_backup" cascade
[0m13:06:35.400286 [debug] [Thread-1  ]: SQL status: DROP VIEW in 0.001 seconds
[0m13:06:35.406248 [debug] [Thread-1  ]: On model.jaffle_shop.stg_order_items: Close
[0m13:06:35.410404 [debug] [Thread-1  ]: Sending event: {'category': 'dbt', 'action': 'run_model', 'label': 'bfdf85fa-050c-4dcb-84dd-38333847ba78', 'context': [<snowplow_tracker.self_describing_json.SelfDescribingJson object at 0x7458900419d0>]}
[0m13:06:35.414428 [info ] [Thread-1  ]: 4 of 13 OK created sql view model public.stg_order_items ....................... [[32mCREATE VIEW[0m in 0.23s]
[0m13:06:35.418535 [debug] [Thread-1  ]: Finished running node model.jaffle_shop.stg_order_items
[0m13:06:35.423334 [debug] [Thread-1  ]: Began running node model.jaffle_shop.stg_orders
[0m13:06:35.427513 [info ] [Thread-1  ]: 5 of 13 START sql view model public.stg_orders ................................. [RUN]
[0m13:06:35.432887 [debug] [Thread-1  ]: Re-using an available connection from the pool (formerly model.jaffle_shop.stg_order_items, now model.jaffle_shop.stg_orders)
[0m13:06:35.437341 [debug] [Thread-1  ]: Began compiling node model.jaffle_shop.stg_orders
[0m13:06:35.464778 [debug] [Thread-1  ]: Writing injected SQL for node "model.jaffle_shop.stg_orders"
[0m13:06:35.492364 [debug] [Thread-1  ]: Began executing node model.jaffle_shop.stg_orders
[0m13:06:35.518106 [debug] [Thread-1  ]: Writing runtime sql for node "model.jaffle_shop.stg_orders"
[0m13:06:35.544818 [debug] [Thread-1  ]: Using postgres connection "model.jaffle_shop.stg_orders"
[0m13:06:35.548747 [debug] [Thread-1  ]: On model.jaffle_shop.stg_orders: BEGIN
[0m13:06:35.552200 [debug] [Thread-1  ]: Opening a new connection, currently in state closed
[0m13:06:35.564013 [debug] [Thread-1  ]: SQL status: BEGIN in 0.012 seconds
[0m13:06:35.567142 [debug] [Thread-1  ]: Using postgres connection "model.jaffle_shop.stg_orders"
[0m13:06:35.576146 [debug] [Thread-1  ]: On model.jaffle_shop.stg_orders: /* {"app": "dbt", "dbt_version": "1.10.15", "profile_name": "default", "target_name": "dev", "node_id": "model.jaffle_shop.stg_orders"} */

  create view "postgres"."public"."stg_orders__dbt_tmp"
    
    
  as (
    with

source as (

    select * from "postgres"."raw"."raw_orders"

),

renamed as (

    select

        ----------  ids
        id as order_id,
        store_id as location_id,
        customer as customer_id,

        ---------- numerics
        subtotal as subtotal_cents,
        tax_paid as tax_paid_cents,
        order_total as order_total_cents,
        (subtotal::numeric(16, 2) / 100) as subtotal,
        (tax_paid::numeric(16, 2) / 100) as tax_paid,
        (order_total::numeric(16, 2) / 100) as order_total,

        ---------- timestamps
        date_trunc('day', ordered_at) as ordered_at

    from source

)

select * from renamed
  );
[0m13:06:35.586036 [debug] [Thread-1  ]: SQL status: CREATE VIEW in 0.006 seconds
[0m13:06:35.729915 [debug] [Thread-1  ]: Using postgres connection "model.jaffle_shop.stg_orders"
[0m13:06:35.737875 [debug] [Thread-1  ]: On model.jaffle_shop.stg_orders: /* {"app": "dbt", "dbt_version": "1.10.15", "profile_name": "default", "target_name": "dev", "node_id": "model.jaffle_shop.stg_orders"} */
alter table "postgres"."public"."stg_orders__dbt_tmp" rename to "stg_orders"
[0m13:06:35.742528 [debug] [Thread-1  ]: SQL status: ALTER TABLE in 0.001 seconds
[0m13:06:35.748049 [debug] [Thread-1  ]: On model.jaffle_shop.stg_orders: COMMIT
[0m13:06:35.751226 [debug] [Thread-1  ]: Using postgres connection "model.jaffle_shop.stg_orders"
[0m13:06:35.754183 [debug] [Thread-1  ]: On model.jaffle_shop.stg_orders: COMMIT
[0m13:06:35.759912 [debug] [Thread-1  ]: SQL status: COMMIT in 0.003 seconds
[0m13:06:35.769969 [debug] [Thread-1  ]: Applying DROP to: "postgres"."public"."stg_orders__dbt_backup"
[0m13:06:35.773414 [debug] [Thread-1  ]: Using postgres connection "model.jaffle_shop.stg_orders"
[0m13:06:35.776009 [debug] [Thread-1  ]: On model.jaffle_shop.stg_orders: /* {"app": "dbt", "dbt_version": "1.10.15", "profile_name": "default", "target_name": "dev", "node_id": "model.jaffle_shop.stg_orders"} */
drop view if exists "postgres"."public"."stg_orders__dbt_backup" cascade
[0m13:06:35.779380 [debug] [Thread-1  ]: SQL status: DROP VIEW in 0.001 seconds
[0m13:06:35.785037 [debug] [Thread-1  ]: On model.jaffle_shop.stg_orders: Close
[0m13:06:35.789003 [debug] [Thread-1  ]: Sending event: {'category': 'dbt', 'action': 'run_model', 'label': 'bfdf85fa-050c-4dcb-84dd-38333847ba78', 'context': [<snowplow_tracker.self_describing_json.SelfDescribingJson object at 0x74588a35b4f0>]}
[0m13:06:35.793074 [info ] [Thread-1  ]: 5 of 13 OK created sql view model public.stg_orders ............................ [[32mCREATE VIEW[0m in 0.36s]
[0m13:06:35.797677 [debug] [Thread-1  ]: Finished running node model.jaffle_shop.stg_orders
[0m13:06:35.803092 [debug] [Thread-1  ]: Began running node model.jaffle_shop.stg_products
[0m13:06:35.807957 [info ] [Thread-1  ]: 6 of 13 START sql view model public.stg_products ............................... [RUN]
[0m13:06:35.813242 [debug] [Thread-1  ]: Re-using an available connection from the pool (formerly model.jaffle_shop.stg_orders, now model.jaffle_shop.stg_products)
[0m13:06:35.818496 [debug] [Thread-1  ]: Began compiling node model.jaffle_shop.stg_products
[0m13:06:35.838327 [debug] [Thread-1  ]: Writing injected SQL for node "model.jaffle_shop.stg_products"
[0m13:06:35.875560 [debug] [Thread-1  ]: Began executing node model.jaffle_shop.stg_products
[0m13:06:35.897842 [debug] [Thread-1  ]: Writing runtime sql for node "model.jaffle_shop.stg_products"
[0m13:06:35.935186 [debug] [Thread-1  ]: Using postgres connection "model.jaffle_shop.stg_products"
[0m13:06:35.940312 [debug] [Thread-1  ]: On model.jaffle_shop.stg_products: BEGIN
[0m13:06:35.945364 [debug] [Thread-1  ]: Opening a new connection, currently in state closed
[0m13:06:35.963984 [debug] [Thread-1  ]: SQL status: BEGIN in 0.018 seconds
[0m13:06:35.968616 [debug] [Thread-1  ]: Using postgres connection "model.jaffle_shop.stg_products"
[0m13:06:35.972873 [debug] [Thread-1  ]: On model.jaffle_shop.stg_products: /* {"app": "dbt", "dbt_version": "1.10.15", "profile_name": "default", "target_name": "dev", "node_id": "model.jaffle_shop.stg_products"} */

  create view "postgres"."public"."stg_products__dbt_tmp"
    
    
  as (
    with

source as (

    select * from "postgres"."raw"."raw_products"

),

renamed as (

    select

        ----------  ids
        sku as product_id,

        ---------- text
        name as product_name,
        type as product_type,
        description as product_description,


        ---------- numerics
        (price::numeric(16, 2) / 100) as product_price,

        ---------- booleans
        coalesce(type = 'jaffle', false) as is_food_item,

        coalesce(type = 'beverage', false) as is_drink_item

    from source

)

select * from renamed
  );
[0m13:06:35.983618 [debug] [Thread-1  ]: SQL status: CREATE VIEW in 0.006 seconds
[0m13:06:36.004229 [debug] [Thread-1  ]: Using postgres connection "model.jaffle_shop.stg_products"
[0m13:06:36.008610 [debug] [Thread-1  ]: On model.jaffle_shop.stg_products: /* {"app": "dbt", "dbt_version": "1.10.15", "profile_name": "default", "target_name": "dev", "node_id": "model.jaffle_shop.stg_products"} */
alter table "postgres"."public"."stg_products__dbt_tmp" rename to "stg_products"
[0m13:06:36.014023 [debug] [Thread-1  ]: SQL status: ALTER TABLE in 0.001 seconds
[0m13:06:36.021336 [debug] [Thread-1  ]: On model.jaffle_shop.stg_products: COMMIT
[0m13:06:36.025382 [debug] [Thread-1  ]: Using postgres connection "model.jaffle_shop.stg_products"
[0m13:06:36.030060 [debug] [Thread-1  ]: On model.jaffle_shop.stg_products: COMMIT
[0m13:06:36.037591 [debug] [Thread-1  ]: SQL status: COMMIT in 0.003 seconds
[0m13:06:36.053783 [debug] [Thread-1  ]: Applying DROP to: "postgres"."public"."stg_products__dbt_backup"
[0m13:06:36.059208 [debug] [Thread-1  ]: Using postgres connection "model.jaffle_shop.stg_products"
[0m13:06:36.063441 [debug] [Thread-1  ]: On model.jaffle_shop.stg_products: /* {"app": "dbt", "dbt_version": "1.10.15", "profile_name": "default", "target_name": "dev", "node_id": "model.jaffle_shop.stg_products"} */
drop view if exists "postgres"."public"."stg_products__dbt_backup" cascade
[0m13:06:36.068565 [debug] [Thread-1  ]: SQL status: DROP VIEW in 0.001 seconds
[0m13:06:36.076607 [debug] [Thread-1  ]: On model.jaffle_shop.stg_products: Close
[0m13:06:36.082260 [debug] [Thread-1  ]: Sending event: {'category': 'dbt', 'action': 'run_model', 'label': 'bfdf85fa-050c-4dcb-84dd-38333847ba78', 'context': [<snowplow_tracker.self_describing_json.SelfDescribingJson object at 0x74588a3bc100>]}
[0m13:06:36.088245 [info ] [Thread-1  ]: 6 of 13 OK created sql view model public.stg_products .......................... [[32mCREATE VIEW[0m in 0.27s]
[0m13:06:36.093726 [debug] [Thread-1  ]: Finished running node model.jaffle_shop.stg_products
[0m13:06:36.100429 [debug] [Thread-1  ]: Began running node model.jaffle_shop.stg_supplies
[0m13:06:36.105903 [info ] [Thread-1  ]: 7 of 13 START sql view model public.stg_supplies ............................... [RUN]
[0m13:06:36.111594 [debug] [Thread-1  ]: Re-using an available connection from the pool (formerly model.jaffle_shop.stg_products, now model.jaffle_shop.stg_supplies)
[0m13:06:36.117638 [debug] [Thread-1  ]: Began compiling node model.jaffle_shop.stg_supplies
[0m13:06:36.183152 [debug] [Thread-1  ]: Writing injected SQL for node "model.jaffle_shop.stg_supplies"
[0m13:06:36.220444 [debug] [Thread-1  ]: Began executing node model.jaffle_shop.stg_supplies
[0m13:06:36.239008 [debug] [Thread-1  ]: Writing runtime sql for node "model.jaffle_shop.stg_supplies"
[0m13:06:36.276652 [debug] [Thread-1  ]: Using postgres connection "model.jaffle_shop.stg_supplies"
[0m13:06:36.281215 [debug] [Thread-1  ]: On model.jaffle_shop.stg_supplies: BEGIN
[0m13:06:36.286224 [debug] [Thread-1  ]: Opening a new connection, currently in state closed
[0m13:06:36.306580 [debug] [Thread-1  ]: SQL status: BEGIN in 0.020 seconds
[0m13:06:36.311578 [debug] [Thread-1  ]: Using postgres connection "model.jaffle_shop.stg_supplies"
[0m13:06:36.318688 [debug] [Thread-1  ]: On model.jaffle_shop.stg_supplies: /* {"app": "dbt", "dbt_version": "1.10.15", "profile_name": "default", "target_name": "dev", "node_id": "model.jaffle_shop.stg_supplies"} */

  create view "postgres"."public"."stg_supplies__dbt_tmp"
    
    
  as (
    with

source as (

    select * from "postgres"."raw"."raw_supplies"

),

renamed as (

    select

        ----------  ids
        md5(cast(coalesce(cast(id as TEXT), '_dbt_utils_surrogate_key_null_') || '-' || coalesce(cast(sku as TEXT), '_dbt_utils_surrogate_key_null_') as TEXT)) as supply_uuid,
        id as supply_id,
        sku as product_id,

        ---------- text
        name as supply_name,

        ---------- numerics
        (cost::numeric(16, 2) / 100) as supply_cost,

        ---------- booleans
        perishable as is_perishable_supply

    from source

)

select * from renamed
  );
[0m13:06:36.335877 [debug] [Thread-1  ]: SQL status: CREATE VIEW in 0.009 seconds
[0m13:06:36.362178 [debug] [Thread-1  ]: Using postgres connection "model.jaffle_shop.stg_supplies"
[0m13:06:36.366507 [debug] [Thread-1  ]: On model.jaffle_shop.stg_supplies: /* {"app": "dbt", "dbt_version": "1.10.15", "profile_name": "default", "target_name": "dev", "node_id": "model.jaffle_shop.stg_supplies"} */
alter table "postgres"."public"."stg_supplies__dbt_tmp" rename to "stg_supplies"
[0m13:06:36.372345 [debug] [Thread-1  ]: SQL status: ALTER TABLE in 0.002 seconds
[0m13:06:36.382071 [debug] [Thread-1  ]: On model.jaffle_shop.stg_supplies: COMMIT
[0m13:06:36.387227 [debug] [Thread-1  ]: Using postgres connection "model.jaffle_shop.stg_supplies"
[0m13:06:36.392012 [debug] [Thread-1  ]: On model.jaffle_shop.stg_supplies: COMMIT
[0m13:06:36.399492 [debug] [Thread-1  ]: SQL status: COMMIT in 0.003 seconds
[0m13:06:36.414810 [debug] [Thread-1  ]: Applying DROP to: "postgres"."public"."stg_supplies__dbt_backup"
[0m13:06:36.420473 [debug] [Thread-1  ]: Using postgres connection "model.jaffle_shop.stg_supplies"
[0m13:06:36.424735 [debug] [Thread-1  ]: On model.jaffle_shop.stg_supplies: /* {"app": "dbt", "dbt_version": "1.10.15", "profile_name": "default", "target_name": "dev", "node_id": "model.jaffle_shop.stg_supplies"} */
drop view if exists "postgres"."public"."stg_supplies__dbt_backup" cascade
[0m13:06:36.429832 [debug] [Thread-1  ]: SQL status: DROP VIEW in 0.001 seconds
[0m13:06:36.439601 [debug] [Thread-1  ]: On model.jaffle_shop.stg_supplies: Close
[0m13:06:36.445385 [debug] [Thread-1  ]: Sending event: {'category': 'dbt', 'action': 'run_model', 'label': 'bfdf85fa-050c-4dcb-84dd-38333847ba78', 'context': [<snowplow_tracker.self_describing_json.SelfDescribingJson object at 0x74588a477dc0>]}
[0m13:06:36.451831 [info ] [Thread-1  ]: 7 of 13 OK created sql view model public.stg_supplies .......................... [[32mCREATE VIEW[0m in 0.33s]
[0m13:06:36.459586 [debug] [Thread-1  ]: Finished running node model.jaffle_shop.stg_supplies
[0m13:06:36.465913 [debug] [Thread-1  ]: Began running node model.jaffle_shop.locations
[0m13:06:36.471302 [info ] [Thread-1  ]: 8 of 13 START sql table model public.locations ................................. [RUN]
[0m13:06:36.476951 [debug] [Thread-1  ]: Re-using an available connection from the pool (formerly model.jaffle_shop.stg_supplies, now model.jaffle_shop.locations)
[0m13:06:36.482774 [debug] [Thread-1  ]: Began compiling node model.jaffle_shop.locations
[0m13:06:36.501643 [debug] [Thread-1  ]: Writing injected SQL for node "model.jaffle_shop.locations"
[0m13:06:36.543562 [debug] [Thread-1  ]: Began executing node model.jaffle_shop.locations
[0m13:06:36.563082 [debug] [Thread-1  ]: Writing runtime sql for node "model.jaffle_shop.locations"
[0m13:06:36.587641 [debug] [Thread-1  ]: Using postgres connection "model.jaffle_shop.locations"
[0m13:06:36.590873 [debug] [Thread-1  ]: On model.jaffle_shop.locations: BEGIN
[0m13:06:36.593612 [debug] [Thread-1  ]: Opening a new connection, currently in state closed
[0m13:06:36.604340 [debug] [Thread-1  ]: SQL status: BEGIN in 0.011 seconds
[0m13:06:36.608404 [debug] [Thread-1  ]: Using postgres connection "model.jaffle_shop.locations"
[0m13:06:36.611361 [debug] [Thread-1  ]: On model.jaffle_shop.locations: /* {"app": "dbt", "dbt_version": "1.10.15", "profile_name": "default", "target_name": "dev", "node_id": "model.jaffle_shop.locations"} */

  
    

  create  table "postgres"."public"."locations__dbt_tmp"
  
  
    as
  
  (
    with

locations as (

    select * from "postgres"."public"."stg_locations"

)

select * from locations
  );
  
[0m13:06:36.622145 [debug] [Thread-1  ]: SQL status: SELECT 6 in 0.008 seconds
[0m13:06:36.633802 [debug] [Thread-1  ]: Using postgres connection "model.jaffle_shop.locations"
[0m13:06:36.637108 [debug] [Thread-1  ]: On model.jaffle_shop.locations: /* {"app": "dbt", "dbt_version": "1.10.15", "profile_name": "default", "target_name": "dev", "node_id": "model.jaffle_shop.locations"} */
alter table "postgres"."public"."locations__dbt_tmp" rename to "locations"
[0m13:06:36.641066 [debug] [Thread-1  ]: SQL status: ALTER TABLE in 0.001 seconds
[0m13:06:36.646815 [debug] [Thread-1  ]: On model.jaffle_shop.locations: COMMIT
[0m13:06:36.649984 [debug] [Thread-1  ]: Using postgres connection "model.jaffle_shop.locations"
[0m13:06:36.653516 [debug] [Thread-1  ]: On model.jaffle_shop.locations: COMMIT
[0m13:06:36.660099 [debug] [Thread-1  ]: SQL status: COMMIT in 0.003 seconds
[0m13:06:36.684307 [debug] [Thread-1  ]: Applying DROP to: "postgres"."public"."locations__dbt_backup"
[0m13:06:36.692923 [debug] [Thread-1  ]: Using postgres connection "model.jaffle_shop.locations"
[0m13:06:36.699631 [debug] [Thread-1  ]: On model.jaffle_shop.locations: /* {"app": "dbt", "dbt_version": "1.10.15", "profile_name": "default", "target_name": "dev", "node_id": "model.jaffle_shop.locations"} */
drop table if exists "postgres"."public"."locations__dbt_backup" cascade
[0m13:06:36.707968 [debug] [Thread-1  ]: SQL status: DROP TABLE in 0.002 seconds
[0m13:06:36.721678 [debug] [Thread-1  ]: On model.jaffle_shop.locations: Close
[0m13:06:36.730079 [debug] [Thread-1  ]: Sending event: {'category': 'dbt', 'action': 'run_model', 'label': 'bfdf85fa-050c-4dcb-84dd-38333847ba78', 'context': [<snowplow_tracker.self_describing_json.SelfDescribingJson object at 0x74588a38b9d0>]}
[0m13:06:36.741063 [info ] [Thread-1  ]: 8 of 13 OK created sql table model public.locations ............................ [[32mSELECT 6[0m in 0.25s]
[0m13:06:36.753425 [debug] [Thread-1  ]: Finished running node model.jaffle_shop.locations
[0m13:06:36.764051 [debug] [Thread-1  ]: Began running node model.jaffle_shop.products
[0m13:06:36.772394 [info ] [Thread-1  ]: 9 of 13 START sql table model public.products .................................. [RUN]
[0m13:06:36.780518 [debug] [Thread-1  ]: Re-using an available connection from the pool (formerly model.jaffle_shop.locations, now model.jaffle_shop.products)
[0m13:06:36.787983 [debug] [Thread-1  ]: Began compiling node model.jaffle_shop.products
[0m13:06:36.813676 [debug] [Thread-1  ]: Writing injected SQL for node "model.jaffle_shop.products"
[0m13:06:36.867235 [debug] [Thread-1  ]: Began executing node model.jaffle_shop.products
[0m13:06:36.899855 [debug] [Thread-1  ]: Writing runtime sql for node "model.jaffle_shop.products"
[0m13:06:36.956170 [debug] [Thread-1  ]: Using postgres connection "model.jaffle_shop.products"
[0m13:06:36.963358 [debug] [Thread-1  ]: On model.jaffle_shop.products: BEGIN
[0m13:06:36.970366 [debug] [Thread-1  ]: Opening a new connection, currently in state closed
[0m13:06:36.995171 [debug] [Thread-1  ]: SQL status: BEGIN in 0.025 seconds
[0m13:06:37.001742 [debug] [Thread-1  ]: Using postgres connection "model.jaffle_shop.products"
[0m13:06:37.008835 [debug] [Thread-1  ]: On model.jaffle_shop.products: /* {"app": "dbt", "dbt_version": "1.10.15", "profile_name": "default", "target_name": "dev", "node_id": "model.jaffle_shop.products"} */

  
    

  create  table "postgres"."public"."products__dbt_tmp"
  
  
    as
  
  (
    with

products as (

    select * from "postgres"."public"."stg_products"

)

select * from products
  );
  
[0m13:06:37.033492 [debug] [Thread-1  ]: SQL status: SELECT 10 in 0.017 seconds
[0m13:06:37.061324 [debug] [Thread-1  ]: Using postgres connection "model.jaffle_shop.products"
[0m13:06:37.068511 [debug] [Thread-1  ]: On model.jaffle_shop.products: /* {"app": "dbt", "dbt_version": "1.10.15", "profile_name": "default", "target_name": "dev", "node_id": "model.jaffle_shop.products"} */
alter table "postgres"."public"."products__dbt_tmp" rename to "products"
[0m13:06:37.078189 [debug] [Thread-1  ]: SQL status: ALTER TABLE in 0.002 seconds
[0m13:06:37.090393 [debug] [Thread-1  ]: On model.jaffle_shop.products: COMMIT
[0m13:06:37.097589 [debug] [Thread-1  ]: Using postgres connection "model.jaffle_shop.products"
[0m13:06:37.104159 [debug] [Thread-1  ]: On model.jaffle_shop.products: COMMIT
[0m13:06:37.116265 [debug] [Thread-1  ]: SQL status: COMMIT in 0.005 seconds
[0m13:06:37.143149 [debug] [Thread-1  ]: Applying DROP to: "postgres"."public"."products__dbt_backup"
[0m13:06:37.151431 [debug] [Thread-1  ]: Using postgres connection "model.jaffle_shop.products"
[0m13:06:37.158132 [debug] [Thread-1  ]: On model.jaffle_shop.products: /* {"app": "dbt", "dbt_version": "1.10.15", "profile_name": "default", "target_name": "dev", "node_id": "model.jaffle_shop.products"} */
drop table if exists "postgres"."public"."products__dbt_backup" cascade
[0m13:06:37.165779 [debug] [Thread-1  ]: SQL status: DROP TABLE in 0.001 seconds
[0m13:06:37.177028 [debug] [Thread-1  ]: On model.jaffle_shop.products: Close
[0m13:06:37.184768 [debug] [Thread-1  ]: Sending event: {'category': 'dbt', 'action': 'run_model', 'label': 'bfdf85fa-050c-4dcb-84dd-38333847ba78', 'context': [<snowplow_tracker.self_describing_json.SelfDescribingJson object at 0x74588bd408b0>]}
[0m13:06:37.192674 [info ] [Thread-1  ]: 9 of 13 OK created sql table model public.products ............................. [[32mSELECT 10[0m in 0.40s]
[0m13:06:37.201193 [debug] [Thread-1  ]: Finished running node model.jaffle_shop.products
[0m13:06:37.208827 [debug] [Thread-1  ]: Began running node model.jaffle_shop.order_items
[0m13:06:37.216478 [info ] [Thread-1  ]: 10 of 13 START sql table model public.order_items .............................. [RUN]
[0m13:06:37.223940 [debug] [Thread-1  ]: Re-using an available connection from the pool (formerly model.jaffle_shop.products, now model.jaffle_shop.order_items)
[0m13:06:37.230742 [debug] [Thread-1  ]: Began compiling node model.jaffle_shop.order_items
[0m13:06:37.261357 [debug] [Thread-1  ]: Writing injected SQL for node "model.jaffle_shop.order_items"
[0m13:06:37.315502 [debug] [Thread-1  ]: Began executing node model.jaffle_shop.order_items
[0m13:06:37.350535 [debug] [Thread-1  ]: Writing runtime sql for node "model.jaffle_shop.order_items"
[0m13:06:37.404080 [debug] [Thread-1  ]: Using postgres connection "model.jaffle_shop.order_items"
[0m13:06:37.410840 [debug] [Thread-1  ]: On model.jaffle_shop.order_items: BEGIN
[0m13:06:37.417017 [debug] [Thread-1  ]: Opening a new connection, currently in state closed
[0m13:06:37.442444 [debug] [Thread-1  ]: SQL status: BEGIN in 0.025 seconds
[0m13:06:37.449065 [debug] [Thread-1  ]: Using postgres connection "model.jaffle_shop.order_items"
[0m13:06:37.456229 [debug] [Thread-1  ]: On model.jaffle_shop.order_items: /* {"app": "dbt", "dbt_version": "1.10.15", "profile_name": "default", "target_name": "dev", "node_id": "model.jaffle_shop.order_items"} */

  
    

  create  table "postgres"."public"."order_items__dbt_tmp"
  
  
    as
  
  (
    with

order_items as (

    select * from "postgres"."public"."stg_order_items"

),


orders as (

    select * from "postgres"."public"."stg_orders"

),

products as (

    select * from "postgres"."public"."stg_products"

),

supplies as (

    select * from "postgres"."public"."stg_supplies"

),

order_supplies_summary as (

    select
        product_id,

        sum(supply_cost) as supply_cost

    from supplies

    group by 1

),

joined as (

    select
        order_items.*,

        orders.ordered_at,

        products.product_name,
        products.product_price,
        products.is_food_item,
        products.is_drink_item,

        order_supplies_summary.supply_cost

    from order_items

    left join orders on order_items.order_id = orders.order_id

    left join products on order_items.product_id = products.product_id

    left join order_supplies_summary
        on order_items.product_id = order_supplies_summary.product_id

)

select * from joined
  );
  
[0m13:06:38.251375 [debug] [Thread-1  ]: SQL status: SELECT 90900 in 0.789 seconds
[0m13:06:38.270205 [debug] [Thread-1  ]: Using postgres connection "model.jaffle_shop.order_items"
[0m13:06:38.274483 [debug] [Thread-1  ]: On model.jaffle_shop.order_items: /* {"app": "dbt", "dbt_version": "1.10.15", "profile_name": "default", "target_name": "dev", "node_id": "model.jaffle_shop.order_items"} */
alter table "postgres"."public"."order_items__dbt_tmp" rename to "order_items"
[0m13:06:38.279283 [debug] [Thread-1  ]: SQL status: ALTER TABLE in 0.001 seconds
[0m13:06:38.285723 [debug] [Thread-1  ]: On model.jaffle_shop.order_items: COMMIT
[0m13:06:38.289000 [debug] [Thread-1  ]: Using postgres connection "model.jaffle_shop.order_items"
[0m13:06:38.291827 [debug] [Thread-1  ]: On model.jaffle_shop.order_items: COMMIT
[0m13:06:38.307835 [debug] [Thread-1  ]: SQL status: COMMIT in 0.013 seconds
[0m13:06:38.320108 [debug] [Thread-1  ]: Applying DROP to: "postgres"."public"."order_items__dbt_backup"
[0m13:06:38.324923 [debug] [Thread-1  ]: Using postgres connection "model.jaffle_shop.order_items"
[0m13:06:38.328920 [debug] [Thread-1  ]: On model.jaffle_shop.order_items: /* {"app": "dbt", "dbt_version": "1.10.15", "profile_name": "default", "target_name": "dev", "node_id": "model.jaffle_shop.order_items"} */
drop table if exists "postgres"."public"."order_items__dbt_backup" cascade
[0m13:06:38.334011 [debug] [Thread-1  ]: SQL status: DROP TABLE in 0.001 seconds
[0m13:06:38.343108 [debug] [Thread-1  ]: On model.jaffle_shop.order_items: Close
[0m13:06:38.350817 [debug] [Thread-1  ]: Sending event: {'category': 'dbt', 'action': 'run_model', 'label': 'bfdf85fa-050c-4dcb-84dd-38333847ba78', 'context': [<snowplow_tracker.self_describing_json.SelfDescribingJson object at 0x74588a37c6a0>]}
[0m13:06:38.360478 [info ] [Thread-1  ]: 10 of 13 OK created sql table model public.order_items ......................... [[32mSELECT 90900[0m in 1.13s]
[0m13:06:38.370132 [debug] [Thread-1  ]: Finished running node model.jaffle_shop.order_items
[0m13:06:38.378393 [debug] [Thread-1  ]: Began running node model.jaffle_shop.supplies
[0m13:06:38.386609 [info ] [Thread-1  ]: 11 of 13 START sql table model public.supplies ................................. [RUN]
[0m13:06:38.396256 [debug] [Thread-1  ]: Re-using an available connection from the pool (formerly model.jaffle_shop.order_items, now model.jaffle_shop.supplies)
[0m13:06:38.404784 [debug] [Thread-1  ]: Began compiling node model.jaffle_shop.supplies
[0m13:06:38.442627 [debug] [Thread-1  ]: Writing injected SQL for node "model.jaffle_shop.supplies"
[0m13:06:38.504873 [debug] [Thread-1  ]: Began executing node model.jaffle_shop.supplies
[0m13:06:38.545900 [debug] [Thread-1  ]: Writing runtime sql for node "model.jaffle_shop.supplies"
[0m13:06:38.608368 [debug] [Thread-1  ]: Using postgres connection "model.jaffle_shop.supplies"
[0m13:06:38.616832 [debug] [Thread-1  ]: On model.jaffle_shop.supplies: BEGIN
[0m13:06:38.624661 [debug] [Thread-1  ]: Opening a new connection, currently in state closed
[0m13:06:38.655700 [debug] [Thread-1  ]: SQL status: BEGIN in 0.031 seconds
[0m13:06:38.663674 [debug] [Thread-1  ]: Using postgres connection "model.jaffle_shop.supplies"
[0m13:06:38.671603 [debug] [Thread-1  ]: On model.jaffle_shop.supplies: /* {"app": "dbt", "dbt_version": "1.10.15", "profile_name": "default", "target_name": "dev", "node_id": "model.jaffle_shop.supplies"} */

  
    

  create  table "postgres"."public"."supplies__dbt_tmp"
  
  
    as
  
  (
    with

supplies as (

    select * from "postgres"."public"."stg_supplies"

)

select * from supplies
  );
  
[0m13:06:38.700625 [debug] [Thread-1  ]: SQL status: SELECT 65 in 0.022 seconds
[0m13:06:38.731523 [debug] [Thread-1  ]: Using postgres connection "model.jaffle_shop.supplies"
[0m13:06:38.739333 [debug] [Thread-1  ]: On model.jaffle_shop.supplies: /* {"app": "dbt", "dbt_version": "1.10.15", "profile_name": "default", "target_name": "dev", "node_id": "model.jaffle_shop.supplies"} */
alter table "postgres"."public"."supplies__dbt_tmp" rename to "supplies"
[0m13:06:38.748571 [debug] [Thread-1  ]: SQL status: ALTER TABLE in 0.002 seconds
[0m13:06:38.762224 [debug] [Thread-1  ]: On model.jaffle_shop.supplies: COMMIT
[0m13:06:38.769991 [debug] [Thread-1  ]: Using postgres connection "model.jaffle_shop.supplies"
[0m13:06:38.777192 [debug] [Thread-1  ]: On model.jaffle_shop.supplies: COMMIT
[0m13:06:38.788647 [debug] [Thread-1  ]: SQL status: COMMIT in 0.005 seconds
[0m13:06:38.813899 [debug] [Thread-1  ]: Applying DROP to: "postgres"."public"."supplies__dbt_backup"
[0m13:06:38.823747 [debug] [Thread-1  ]: Using postgres connection "model.jaffle_shop.supplies"
[0m13:06:38.831592 [debug] [Thread-1  ]: On model.jaffle_shop.supplies: /* {"app": "dbt", "dbt_version": "1.10.15", "profile_name": "default", "target_name": "dev", "node_id": "model.jaffle_shop.supplies"} */
drop table if exists "postgres"."public"."supplies__dbt_backup" cascade
[0m13:06:38.840573 [debug] [Thread-1  ]: SQL status: DROP TABLE in 0.001 seconds
[0m13:06:38.855131 [debug] [Thread-1  ]: On model.jaffle_shop.supplies: Close
[0m13:06:38.864597 [debug] [Thread-1  ]: Sending event: {'category': 'dbt', 'action': 'run_model', 'label': 'bfdf85fa-050c-4dcb-84dd-38333847ba78', 'context': [<snowplow_tracker.self_describing_json.SelfDescribingJson object at 0x74588a47b730>]}
[0m13:06:38.875322 [info ] [Thread-1  ]: 11 of 13 OK created sql table model public.supplies ............................ [[32mSELECT 65[0m in 0.47s]
[0m13:06:38.887992 [debug] [Thread-1  ]: Finished running node model.jaffle_shop.supplies
[0m13:06:38.900797 [debug] [Thread-1  ]: Began running node model.jaffle_shop.orders
[0m13:06:38.911159 [info ] [Thread-1  ]: 12 of 13 START sql table model public.orders ................................... [RUN]
[0m13:06:38.920822 [debug] [Thread-1  ]: Re-using an available connection from the pool (formerly model.jaffle_shop.supplies, now model.jaffle_shop.orders)
[0m13:06:38.929146 [debug] [Thread-1  ]: Began compiling node model.jaffle_shop.orders
[0m13:06:38.969052 [debug] [Thread-1  ]: Writing injected SQL for node "model.jaffle_shop.orders"
[0m13:06:39.030488 [debug] [Thread-1  ]: Began executing node model.jaffle_shop.orders
[0m13:06:39.083033 [debug] [Thread-1  ]: Writing runtime sql for node "model.jaffle_shop.orders"
[0m13:06:39.116764 [debug] [Thread-1  ]: Using postgres connection "model.jaffle_shop.orders"
[0m13:06:39.121951 [debug] [Thread-1  ]: On model.jaffle_shop.orders: BEGIN
[0m13:06:39.125663 [debug] [Thread-1  ]: Opening a new connection, currently in state closed
[0m13:06:39.139152 [debug] [Thread-1  ]: SQL status: BEGIN in 0.014 seconds
[0m13:06:39.143565 [debug] [Thread-1  ]: Using postgres connection "model.jaffle_shop.orders"
[0m13:06:39.147980 [debug] [Thread-1  ]: On model.jaffle_shop.orders: /* {"app": "dbt", "dbt_version": "1.10.15", "profile_name": "default", "target_name": "dev", "node_id": "model.jaffle_shop.orders"} */

  
    

  create  table "postgres"."public"."orders__dbt_tmp"
  
  
    as
  
  (
    with

orders as (

    select * from "postgres"."public"."stg_orders"

),

order_items as (

    select * from "postgres"."public"."order_items"

),

order_items_summary as (

    select
        order_id,

        sum(supply_cost) as order_cost,
        sum(product_price) as order_items_subtotal,
        count(order_item_id) as count_order_items,
        sum(
            case
                when is_food_item then 1
                else 0
            end
        ) as count_food_items,
        sum(
            case
                when is_drink_item then 1
                else 0
            end
        ) as count_drink_items

    from order_items

    group by 1

),

compute_booleans as (

    select
        orders.*,

        order_items_summary.order_cost,
        order_items_summary.order_items_subtotal,
        order_items_summary.count_food_items,
        order_items_summary.count_drink_items,
        order_items_summary.count_order_items,
        order_items_summary.count_food_items > 0 as is_food_order,
        order_items_summary.count_drink_items > 0 as is_drink_order

    from orders

    left join
        order_items_summary
        on orders.order_id = order_items_summary.order_id

),

customer_order_count as (

    select
        *,

        row_number() over (
            partition by customer_id
            order by ordered_at asc
        ) as customer_order_number

    from compute_booleans

)

select * from customer_order_count
  );
  
[0m13:06:40.277934 [debug] [Thread-1  ]: SQL status: SELECT 61948 in 1.125 seconds
[0m13:06:40.291873 [debug] [Thread-1  ]: Using postgres connection "model.jaffle_shop.orders"
[0m13:06:40.295185 [debug] [Thread-1  ]: On model.jaffle_shop.orders: /* {"app": "dbt", "dbt_version": "1.10.15", "profile_name": "default", "target_name": "dev", "node_id": "model.jaffle_shop.orders"} */
alter table "postgres"."public"."orders__dbt_tmp" rename to "orders"
[0m13:06:40.299095 [debug] [Thread-1  ]: SQL status: ALTER TABLE in 0.001 seconds
[0m13:06:40.304976 [debug] [Thread-1  ]: On model.jaffle_shop.orders: COMMIT
[0m13:06:40.308208 [debug] [Thread-1  ]: Using postgres connection "model.jaffle_shop.orders"
[0m13:06:40.311283 [debug] [Thread-1  ]: On model.jaffle_shop.orders: COMMIT
[0m13:06:40.323214 [debug] [Thread-1  ]: SQL status: COMMIT in 0.009 seconds
[0m13:06:40.335140 [debug] [Thread-1  ]: Applying DROP to: "postgres"."public"."orders__dbt_backup"
[0m13:06:40.340909 [debug] [Thread-1  ]: Using postgres connection "model.jaffle_shop.orders"
[0m13:06:40.344824 [debug] [Thread-1  ]: On model.jaffle_shop.orders: /* {"app": "dbt", "dbt_version": "1.10.15", "profile_name": "default", "target_name": "dev", "node_id": "model.jaffle_shop.orders"} */
drop table if exists "postgres"."public"."orders__dbt_backup" cascade
[0m13:06:40.349025 [debug] [Thread-1  ]: SQL status: DROP TABLE in 0.001 seconds
[0m13:06:40.355406 [debug] [Thread-1  ]: On model.jaffle_shop.orders: Close
[0m13:06:40.359833 [debug] [Thread-1  ]: Sending event: {'category': 'dbt', 'action': 'run_model', 'label': 'bfdf85fa-050c-4dcb-84dd-38333847ba78', 'context': [<snowplow_tracker.self_describing_json.SelfDescribingJson object at 0x74588a3733d0>]}
[0m13:06:40.365191 [info ] [Thread-1  ]: 12 of 13 OK created sql table model public.orders .............................. [[32mSELECT 61948[0m in 1.44s]
[0m13:06:40.369365 [debug] [Thread-1  ]: Finished running node model.jaffle_shop.orders
[0m13:06:40.375652 [debug] [Thread-1  ]: Began running node model.jaffle_shop.customers
[0m13:06:40.380265 [info ] [Thread-1  ]: 13 of 13 START sql table model public.customers ................................ [RUN]
[0m13:06:40.384191 [debug] [Thread-1  ]: Re-using an available connection from the pool (formerly model.jaffle_shop.orders, now model.jaffle_shop.customers)
[0m13:06:40.388103 [debug] [Thread-1  ]: Began compiling node model.jaffle_shop.customers
[0m13:06:40.401565 [debug] [Thread-1  ]: Writing injected SQL for node "model.jaffle_shop.customers"
[0m13:06:40.432063 [debug] [Thread-1  ]: Began executing node model.jaffle_shop.customers
[0m13:06:40.452918 [debug] [Thread-1  ]: Writing runtime sql for node "model.jaffle_shop.customers"
[0m13:06:40.478722 [debug] [Thread-1  ]: Using postgres connection "model.jaffle_shop.customers"
[0m13:06:40.481900 [debug] [Thread-1  ]: On model.jaffle_shop.customers: BEGIN
[0m13:06:40.485293 [debug] [Thread-1  ]: Opening a new connection, currently in state closed
[0m13:06:40.500949 [debug] [Thread-1  ]: SQL status: BEGIN in 0.015 seconds
[0m13:06:40.504814 [debug] [Thread-1  ]: Using postgres connection "model.jaffle_shop.customers"
[0m13:06:40.508287 [debug] [Thread-1  ]: On model.jaffle_shop.customers: /* {"app": "dbt", "dbt_version": "1.10.15", "profile_name": "default", "target_name": "dev", "node_id": "model.jaffle_shop.customers"} */

  
    

  create  table "postgres"."public"."customers__dbt_tmp"
  
  
    as
  
  (
    with

customers as (

    select * from "postgres"."public"."stg_customers"

),

orders as (

    select * from "postgres"."public"."orders"

),

customer_orders_summary as (

    select
        orders.customer_id,

        count(distinct orders.order_id) as count_lifetime_orders,
        count(distinct orders.order_id) > 1 as is_repeat_buyer,
        min(orders.ordered_at) as first_ordered_at,
        max(orders.ordered_at) as last_ordered_at,
        sum(orders.subtotal) as lifetime_spend_pretax,
        sum(orders.tax_paid) as lifetime_tax_paid,
        sum(orders.order_total) as lifetime_spend

    from orders

    group by 1

),

joined as (

    select
        customers.*,

        customer_orders_summary.count_lifetime_orders,
        customer_orders_summary.first_ordered_at,
        customer_orders_summary.last_ordered_at,
        customer_orders_summary.lifetime_spend_pretax,
        customer_orders_summary.lifetime_tax_paid,
        customer_orders_summary.lifetime_spend,

        case
            when customer_orders_summary.is_repeat_buyer then 'returning'
            else 'new'
        end as customer_type

    from customers

    left join customer_orders_summary
        on customers.customer_id = customer_orders_summary.customer_id

)

select * from joined
  );
  
[0m13:06:40.848456 [debug] [Thread-1  ]: SQL status: SELECT 935 in 0.337 seconds
[0m13:06:40.860985 [debug] [Thread-1  ]: Using postgres connection "model.jaffle_shop.customers"
[0m13:06:40.864371 [debug] [Thread-1  ]: On model.jaffle_shop.customers: /* {"app": "dbt", "dbt_version": "1.10.15", "profile_name": "default", "target_name": "dev", "node_id": "model.jaffle_shop.customers"} */
alter table "postgres"."public"."customers__dbt_tmp" rename to "customers"
[0m13:06:40.868856 [debug] [Thread-1  ]: SQL status: ALTER TABLE in 0.001 seconds
[0m13:06:40.873277 [debug] [Thread-1  ]: On model.jaffle_shop.customers: COMMIT
[0m13:06:40.875707 [debug] [Thread-1  ]: Using postgres connection "model.jaffle_shop.customers"
[0m13:06:40.878488 [debug] [Thread-1  ]: On model.jaffle_shop.customers: COMMIT
[0m13:06:40.882160 [debug] [Thread-1  ]: SQL status: COMMIT in 0.001 seconds
[0m13:06:40.890229 [debug] [Thread-1  ]: Applying DROP to: "postgres"."public"."customers__dbt_backup"
[0m13:06:40.892932 [debug] [Thread-1  ]: Using postgres connection "model.jaffle_shop.customers"
[0m13:06:40.895089 [debug] [Thread-1  ]: On model.jaffle_shop.customers: /* {"app": "dbt", "dbt_version": "1.10.15", "profile_name": "default", "target_name": "dev", "node_id": "model.jaffle_shop.customers"} */
drop table if exists "postgres"."public"."customers__dbt_backup" cascade
[0m13:06:40.898177 [debug] [Thread-1  ]: SQL status: DROP TABLE in 0.001 seconds
[0m13:06:40.902404 [debug] [Thread-1  ]: On model.jaffle_shop.customers: Close
[0m13:06:40.905498 [debug] [Thread-1  ]: Sending event: {'category': 'dbt', 'action': 'run_model', 'label': 'bfdf85fa-050c-4dcb-84dd-38333847ba78', 'context': [<snowplow_tracker.self_describing_json.SelfDescribingJson object at 0x74588a47b940>]}
[0m13:06:40.908761 [info ] [Thread-1  ]: 13 of 13 OK created sql table model public.customers ........................... [[32mSELECT 935[0m in 0.52s]
[0m13:06:40.912729 [debug] [Thread-1  ]: Finished running node model.jaffle_shop.customers
[0m13:06:40.920262 [debug] [MainThread]: Using postgres connection "master"
[0m13:06:40.923044 [debug] [MainThread]: On master: BEGIN
[0m13:06:40.925425 [debug] [MainThread]: Opening a new connection, currently in state closed
[0m13:06:40.936515 [debug] [MainThread]: SQL status: BEGIN in 0.011 seconds
[0m13:06:40.939865 [debug] [MainThread]: On master: COMMIT
[0m13:06:40.943227 [debug] [MainThread]: Using postgres connection "master"
[0m13:06:40.947385 [debug] [MainThread]: On master: COMMIT
[0m13:06:40.952593 [debug] [MainThread]: SQL status: COMMIT in 0.001 seconds
[0m13:06:40.957555 [debug] [MainThread]: On master: Close
[0m13:06:40.964400 [debug] [MainThread]: Connection 'master' was properly closed.
[0m13:06:40.970336 [debug] [MainThread]: Connection 'model.jaffle_shop.customers' was properly closed.
[0m13:06:40.977243 [info ] [MainThread]: 
[0m13:06:40.983742 [info ] [MainThread]: Finished running 7 table models, 6 view models in 0 hours 0 minutes and 7.71 seconds (7.71s).
[0m13:06:41.004215 [debug] [MainThread]: Command end result
[0m13:06:41.501443 [debug] [MainThread]: Wrote artifact WritableManifest to /dbt/target/manifest.json
[0m13:06:41.556640 [debug] [MainThread]: Wrote artifact SemanticManifest to /dbt/target/semantic_manifest.json
[0m13:06:41.588131 [debug] [MainThread]: Wrote artifact RunExecutionResult to /dbt/target/run_results.json
[0m13:06:41.590895 [info ] [MainThread]: 
[0m13:06:41.593916 [info ] [MainThread]: [32mCompleted successfully[0m
[0m13:06:41.597564 [info ] [MainThread]: 
[0m13:06:41.601900 [info ] [MainThread]: Done. PASS=13 WARN=0 ERROR=0 SKIP=0 NO-OP=0 TOTAL=13
[0m13:06:41.606729 [debug] [MainThread]: Resource report: {"command_name": "run", "command_success": true, "command_wall_clock_time": 24.510288, "process_in_blocks": "104", "process_kernel_time": 1.519362, "process_mem_max_rss": "125448", "process_out_blocks": "0", "process_user_time": 10.278284}
[0m13:06:41.609672 [debug] [MainThread]: Command `dbt run` succeeded at 13:06:41.609294 after 24.51 seconds
[0m13:06:41.612638 [debug] [MainThread]: Sending event: {'category': 'dbt', 'action': 'invocation', 'label': 'end', 'context': [<snowplow_tracker.self_describing_json.SelfDescribingJson object at 0x74588fe90fa0>, <snowplow_tracker.self_describing_json.SelfDescribingJson object at 0x74588ef6a970>, <snowplow_tracker.self_describing_json.SelfDescribingJson object at 0x74588d0f3e50>]}
[0m13:06:41.616300 [debug] [MainThread]: Flushing usage events
[0m13:06:43.637128 [debug] [MainThread]: An error was encountered while trying to flush usage events
